distance,genome,phylogroup
0.0110007,CUEN23-1_SAMEA111330839_ISOG.scaffolds.min200.fasta,B2-2
0.0163866,CUEN23-1_SAMEA111330840_ISOG.scaffolds.min200.fasta,D3
0.0025468,CUEN23-1_SAMEA111330841_ISOG.scaffolds.min200.fasta,B2-2
0.00928558,CUEN23-1_SAMEA111330842_ISOG.scaffolds.min200.fasta,B1
0.0128243,CUEN23-1_SAMEA111330843_ISOG.scaffolds.min200.fasta,B2-2
0.00232584,CUEN23-1_SAMEA111330844_ISOG.scaffolds.min200.fasta,B2-2
0.000931334,CUEN23-1_SAMEA111330845_ISOG.scaffolds.min200.fasta,B2-2
0.00103256,CUEN23-1_SAMEA111330846_ISOG.scaffolds.min200.fasta,B2-2
0.0110882,CUEN23-1_SAMEA111330847_ISOG.scaffolds.min200.fasta,B2-2
0.0118017,CUEN23-1_SAMEA111330848_ISOG.scaffolds.min200.fasta,B2-2
0.00997914,CUEN23-1_SAMEA111330849_ISOG.scaffolds.min200.fasta,B2-2
0.0103986,CUEN23-1_SAMEA111330850_ISOG.scaffolds.min200.fasta,B2-2
0.00781808,CUEN23-1_SAMEA111330851_ISOG.scaffolds.min200.fasta,C
0.0110444,CUEN23-1_SAMEA111330852_ISOG.scaffolds.min200.fasta,B2-2
0.00294054,CUEN23-1_SAMEA111330853_ISOG.scaffolds.min200.fasta,D1
0.00564181,CUEN23-1_SAMEA111330854_ISOG.scaffolds.min200.fasta,B1
0.00414809,CUEN23-1_SAMEA111330855_ISOG.scaffolds.min200.fasta,D1
0.0024636,CUEN23-1_SAMEA111330856_ISOG.scaffolds.min200.fasta,B2-1
0.00884936,CUEN23-1_SAMEA111330857_ISOG.scaffolds.min200.fasta,B1
0.0112201,CUEN23-1_SAMEA111330858_ISOG.scaffolds.min200.fasta,B2-2
0.0110444,CUEN23-1_SAMEA111330859_ISOG.scaffolds.min200.fasta,B2-2
0.0112201,CUEN23-1_SAMEA111330860_ISOG.scaffolds.min200.fasta,B2-2
0.00458019,CUEN23-1_SAMEA111330861_ISOG.scaffolds.min200.fasta,D1
0.0102718,CUEN23-1_SAMEA111330862_ISOG.scaffolds.min200.fasta,B2-2
0.00458019,CUEN23-1_SAMEA111330863_ISOG.scaffolds.min200.fasta,D1
0.00464278,CUEN23-1_SAMEA111330864_ISOG.scaffolds.min200.fasta,B1
0.010314,CUEN23-1_SAMEA111330865_ISOG.scaffolds.min200.fasta,B2-2
0.00139189,CUEN23-1_SAMEA111330866_ISOG.scaffolds.min200.fasta,B2-1
0.000956583,CUEN23-1_SAMEA111330867_ISOG.scaffolds.min200.fasta,B2-1
0.00232584,CUEN23-1_SAMEA111330868_ISOG.scaffolds.min200.fasta,B2-1
0.00208065,CUEN23-1_SAMEA111330869_ISOG.scaffolds.min200.fasta,B2-1
0.00279888,CUEN23-1_SAMEA111330870_ISOG.scaffolds.min200.fasta,B2-2
0.0028554,CUEN23-1_SAMEA111330871_ISOG.scaffolds.min200.fasta,D1
0.00208065,CUEN23-1_SAMEA111330872_ISOG.scaffolds.min200.fasta,B2-1
0.00205363,CUEN23-1_SAMEA111330873_ISOG.scaffolds.min200.fasta,B2-2
0.0108702,CUEN23-1_SAMEA111330874_ISOG.scaffolds.min200.fasta,B1
0.0106116,CUEN23-1_SAMEA111330875_ISOG.scaffolds.min200.fasta,A
0.00417861,CUEN23-1_SAMEA111330876_ISOG.scaffolds.min200.fasta,D1
0.00869309,CUEN23-1_SAMEA111330877_ISOG.scaffolds.min200.fasta,B1
0.0135016,CUEN23-1_SAMEA111330878_ISOG.scaffolds.min200.fasta,B2-2
0.00977265,CUEN23-1_SAMEA111330879_ISOG.scaffolds.min200.fasta,B2-2
0.00427048,CUEN23-1_SAMEA111330880_ISOG.scaffolds.min200.fasta,D1
0.00227104,CUEN23-1_SAMEA111330881_ISOG.scaffolds.min200.fasta,B2-2
0.00302611,CUEN23-1_SAMEA111330882_ISOG.scaffolds.min200.fasta,D1
0.00838426,CUEN23-1_SAMEA111330883_ISOG.scaffolds.min200.fasta,F
0.0143027,CUEN23-1_SAMEA111330884_ISOG.scaffolds.min200.fasta,B2-2
0.00430121,CUEN23-1_SAMEA111330885_ISOG.scaffolds.min200.fasta,D1
0.00240836,CUEN23-1_SAMEA111330886_ISOG.scaffolds.min200.fasta,D1
0.00205363,CUEN23-1_SAMEA111330887_ISOG.scaffolds.min200.fasta,B2-1
0.0146626,CUEN23-1_SAMEA111330888_ISOG.scaffolds.min200.fasta,D3
0.0148187,CUEN23-1_SAMEA111330889_ISOG.scaffolds.min200.fasta,D3
0.00136596,CUEN23-1_SAMEA111330890_ISOG.scaffolds.min200.fasta,B2-1
0.00473708,CUEN23-1_SAMEA111330891_ISOG.scaffolds.min200.fasta,D1
0.0110007,CUEN23-1_SAMEA111330892_ISOG.scaffolds.min200.fasta,B2-2
0.0141502,CUEN23-1_SAMEA111330893_ISOG.scaffolds.min200.fasta,A
0.00924552,CUEN23-1_SAMEA111330894_ISOG.scaffolds.min200.fasta,B1
0.00238081,CUEN23-1_SAMEA111330895_ISOG.scaffolds.min200.fasta,B2-2
0.00199971,CUEN23-1_SAMEA111330896_ISOG.scaffolds.min200.fasta,B2-1
0.0024636,CUEN23-1_SAMEA111330897_ISOG.scaffolds.min200.fasta,B2-2
0.00257463,CUEN23-1_SAMEA111330898_ISOG.scaffolds.min200.fasta,B2-2
0.00752278,CUEN23-1_SAMEA111330899_ISOG.scaffolds.min200.fasta,B1
0.00442466,CUEN23-1_SAMEA111330900_ISOG.scaffolds.min200.fasta,A
0.00430121,CUEN23-1_SAMEA111330901_ISOG.scaffolds.min200.fasta,A
0.00227104,CUEN23-1_SAMEA111330902_ISOG.scaffolds.min200.fasta,B2-2
0.00470559,CUEN23-1_SAMEA111330903_ISOG.scaffolds.min200.fasta,A
0.00405685,CUEN23-1_SAMEA111330904_ISOG.scaffolds.min200.fasta,D3
0.00952763,CUEN23-1_SAMEA111330905_ISOG.scaffolds.min200.fasta,B2-2
0.0102718,CUEN23-1_SAMEA111330906_ISOG.scaffolds.min200.fasta,B2-2
0.00175922,CUEN23-1_SAMEA111330907_ISOG.scaffolds.min200.fasta,B2-2
0.00631659,CUEN23-1_SAMEA111330908_ISOG.scaffolds.min200.fasta,D1
0.00202665,CUEN23-1_SAMEA111330909_ISOG.scaffolds.min200.fasta,D1
0.00208065,CUEN23-1_SAMEA111330910_ISOG.scaffolds.min200.fasta,B2-2
0.00473708,CUEN23-1_SAMEA111330911_ISOG.scaffolds.min200.fasta,D2
0.00348975,CUEN23-1_SAMEA111330912_ISOG.scaffolds.min200.fasta,G
0.00936594,CUEN23-1_SAMEA111330913_ISOG.scaffolds.min200.fasta,B1
0.00932572,CUEN23-1_SAMEA111330914_ISOG.scaffolds.min200.fasta,B1
0.00936594,CUEN23-1_SAMEA111330915_ISOG.scaffolds.min200.fasta,B1
0.00936594,CUEN23-1_SAMEA111330916_ISOG.scaffolds.min200.fasta,B1
0.0117112,CUEN23-1_SAMEA111330917_ISOG.scaffolds.min200.fasta,B2-2
0.0116661,CUEN23-1_SAMEA111330918_ISOG.scaffolds.min200.fasta,B2-2
0.00354859,CUEN23-1_SAMEA111330919_ISOG.scaffolds.min200.fasta,D1
0.00302611,CUEN23-1_SAMEA111330920_ISOG.scaffolds.min200.fasta,B2-2
0.00249129,CUEN23-1_SAMEA111330921_ISOG.scaffolds.min200.fasta,D1
0.0023533,CUEN23-1_SAMEA111330922_ISOG.scaffolds.min200.fasta,D1
0.00208065,CUEN23-1_SAMEA111330923_ISOG.scaffolds.min200.fasta,B2-1
0.00249129,CUEN23-1_SAMEA111330924_ISOG.scaffolds.min200.fasta,B2-2
0.0130638,CUEN23-1_SAMEA111330925_ISOG.scaffolds.min200.fasta,B2-2
0.0117112,CUEN23-1_SAMEA111330926_ISOG.scaffolds.min200.fasta,B2-2
0.0318865,CUEN23-1_SAMEA111330927_ISOG.scaffolds.min200.fasta,F
0.00673355,CUEN23-1_SAMEA111330928_ISOG.scaffolds.min200.fasta,C
0.00480022,CUEN23-1_SAMEA111330929_ISOG.scaffolds.min200.fasta,B2-1
0.00128842,CUEN23-1_SAMEA111330930_ISOG.scaffolds.min200.fasta,B2-1
0.00229842,CUEN23-1_SAMEA111330931_ISOG.scaffolds.min200.fasta,B2-2
0.00993767,CUEN23-1_SAMEA111330932_ISOG.scaffolds.min200.fasta,A
0.0113974,CUEN23-1_SAMEA111330933_ISOG.scaffolds.min200.fasta,B2-2
0.00216198,CUEN23-1_SAMEA111330934_ISOG.scaffolds.min200.fasta,B2-2
0.00229842,CUEN23-1_SAMEA111330935_ISOG.scaffolds.min200.fasta,B2-2
0.0182524,CUEN23-1_SAMEA111330936_ISOG.scaffolds.min200.fasta,F
0.00243596,CUEN23-1_SAMEA111330937_ISOG.scaffolds.min200.fasta,B2-2
0.010314,CUEN23-1_SAMEA111330938_ISOG.scaffolds.min200.fasta,B1
0.012872,CUEN23-1_SAMEA111330939_ISOG.scaffolds.min200.fasta,A
0.0102718,CUEN23-1_SAMEA111330940_ISOG.scaffolds.min200.fasta,B2-2
0.0101459,CUEN23-1_SAMEA111330941_ISOG.scaffolds.min200.fasta,D1
0.00892796,CUEN23-1_SAMEA111330942_ISOG.scaffolds.min200.fasta,B2-2
0.00531349,CUEN23-1_SAMEA111330943_ISOG.scaffolds.min200.fasta,A
0.00186568,CUEN23-1_SAMEA111330944_ISOG.scaffolds.min200.fasta,B2-2
0.000830728,CUEN23-1_SAMEA111330945_ISOG.scaffolds.min200.fasta,B2-1
0.00305472,CUEN23-1_SAMEA111330946_ISOG.scaffolds.min200.fasta,B2-2
0.00952763,CUEN23-1_SAMEA111330947_ISOG.scaffolds.min200.fasta,B2-2
0.0105261,CUEN23-1_SAMEA111330948_ISOG.scaffolds.min200.fasta,B2-2
0.0121679,CUEN23-1_SAMEA111330949_ISOG.scaffolds.min200.fasta,B2-2
0.00547692,CUEN23-1_SAMEA111330950_ISOG.scaffolds.min200.fasta,C
0.00547692,CUEN23-1_SAMEA111330951_ISOG.scaffolds.min200.fasta,C
0.00705245,CUEN23-1_SAMEA111330952_ISOG.scaffolds.min200.fasta,C
0.0158882,CUEN23-1_SAMEA111330953_ISOG.scaffolds.min200.fasta,D1
0.00213483,CUEN23-1_SAMEA111330954_ISOG.scaffolds.min200.fasta,B2-2
0.004991,CUEN23-1_SAMEA111330955_ISOG.scaffolds.min200.fasta,B1
0.00360762,CUEN23-1_SAMEA111330956_ISOG.scaffolds.min200.fasta,B2-2
0.0140996,CUEN23-1_SAMEA111330957_ISOG.scaffolds.min200.fasta,B2-2
0.0117112,CUEN23-1_SAMEA111330958_ISOG.scaffolds.min200.fasta,B2-2
0.00322742,CUEN23-1_SAMEA111330959_ISOG.scaffolds.min200.fasta,D1
0.0145076,CUEN23-1_SAMEA111330960_ISOG.scaffolds.min200.fasta,B2-2
0.00977265,CUEN23-1_SAMEA111330961_ISOG.scaffolds.min200.fasta,B2-2
0.0025468,CUEN23-1_SAMEA111330962_ISOG.scaffolds.min200.fasta,B2-2
0.0105261,CUEN23-1_SAMEA111330963_ISOG.scaffolds.min200.fasta,B2-2
0.00366686,CUEN23-1_SAMEA111330964_ISOG.scaffolds.min200.fasta,B2-2
0.00451781,CUEN23-1_SAMEA111330965_ISOG.scaffolds.min200.fasta,D1
0.00985499,CUEN23-1_SAMEA111330966_ISOG.scaffolds.min200.fasta,B2-2
0.0114419,CUEN23-1_SAMEA111330967_ISOG.scaffolds.min200.fasta,B2-2
0.00433199,CUEN23-1_SAMEA111330968_ISOG.scaffolds.min200.fasta,B1
0.0106116,CUEN23-1_SAMEA111330969_ISOG.scaffolds.min200.fasta,B2-2
0.0145592,CUEN23-1_SAMEA111330970_ISOG.scaffolds.min200.fasta,B2-2
0.0026025,CUEN23-1_SAMEA111330971_ISOG.scaffolds.min200.fasta,B2-2
0.00940624,CUEN23-1_SAMEA111330972_ISOG.scaffolds.min200.fasta,B1
0.000906124,CUEN23-1_SAMEA111330973_ISOG.scaffolds.min200.fasta,D2
0.00399629,CUEN23-1_SAMEA111330974_ISOG.scaffolds.min200.fasta,B2-2
0.00257463,CUEN23-1_SAMEA111330975_ISOG.scaffolds.min200.fasta,B2-2
0.00331442,CUEN23-1_SAMEA111330976_ISOG.scaffolds.min200.fasta,D1
0.00170624,CUEN23-1_SAMEA111330977_ISOG.scaffolds.min200.fasta,D1
0.0026025,CUEN23-1_SAMEA111330978_ISOG.scaffolds.min200.fasta,B2-2
0.0121217,CUEN23-1_SAMEA111330979_ISOG.scaffolds.min200.fasta,B2-2
0.0042398,CUEN23-1_SAMEA111330980_ISOG.scaffolds.min200.fasta,D1
0.00985499,CUEN23-1_SAMEA111330981_ISOG.scaffolds.min200.fasta,B2-2
0.00900687,CUEN23-1_SAMEA111330982_ISOG.scaffolds.min200.fasta,B2-2
0.00505504,CUEN23-1_SAMEA111330983_ISOG.scaffolds.min200.fasta,D1
0.00600989,CUEN23-1_SAMEA111330984_ISOG.scaffolds.min200.fasta,C
0.0031121,CUEN23-1_SAMEA111330985_ISOG.scaffolds.min200.fasta,B2-1
0.0023533,CUEN23-1_SAMEA111330986_ISOG.scaffolds.min200.fasta,B2-2
0.00584167,CUEN23-1_SAMEA111330987_ISOG.scaffolds.min200.fasta,B2-1
0.00305472,CUEN23-1_SAMEA111330988_ISOG.scaffolds.min200.fasta,B2-1
0.00060662,CUEN23-1_SAMEA111330989_ISOG.scaffolds.min200.fasta,B2-1
0.00570819,CUEN23-1_SAMEA111330990_ISOG.scaffolds.min200.fasta,B2-1
0.00121124,CUEN23-1_SAMEA111330991_ISOG.scaffolds.min200.fasta,B2-1
0.00458019,CUEN23-1_SAMEA111330992_ISOG.scaffolds.min200.fasta,D1
0.00993767,CUEN23-1_SAMEA111330993_ISOG.scaffolds.min200.fasta,B1
0.00877107,CUEN23-1_SAMEA111330994_ISOG.scaffolds.min200.fasta,B1
0.00834599,CUEN23-1_SAMEA111330995_ISOG.scaffolds.min200.fasta,C
0.00165343,CUEN23-1_SAMEA111330996_ISOG.scaffolds.min200.fasta,B2-2
0.0168963,CUEN23-1_SAMEA111330997_ISOG.scaffolds.min200.fasta,F
0.00846101,CUEN23-1_SAMEA111330998_ISOG.scaffolds.min200.fasta,B1
0.0018924,CUEN23-1_SAMEA111330999_ISOG.scaffolds.min200.fasta,D1
0.00896738,CUEN23-1_SAMEA111331000_ISOG.scaffolds.min200.fasta,B1
0.0168391,CUEN23-1_SAMEA111331001_ISOG.scaffolds.min200.fasta,F
0.0129677,CUEN23-1_SAMEA111331002_ISOG.scaffolds.min200.fasta,B2-2
0.00655869,CUEN23-1_SAMEA111331003_ISOG.scaffolds.min200.fasta,C
0.0110444,CUEN23-1_SAMEA111331004_ISOG.scaffolds.min200.fasta,B2-1
0.0106974,CUEN23-1_SAMEA111331005_ISOG.scaffolds.min200.fasta,B1
0.0103562,CUEN23-1_SAMEA111331006_ISOG.scaffolds.min200.fasta,B2-1
0.00873204,CUEN23-1_SAMEA111331007_ISOG.scaffolds.min200.fasta,B1
0.0127293,CUEN23-1_SAMEA111331008_ISOG.scaffolds.min200.fasta,B2-2
0.0126819,CUEN23-1_SAMEA111331009_ISOG.scaffolds.min200.fasta,B2-2
0.0126819,CUEN23-1_SAMEA111331010_ISOG.scaffolds.min200.fasta,B2-2
0.0127293,CUEN23-1_SAMEA111331011_ISOG.scaffolds.min200.fasta,B2-2
0.0128243,CUEN23-1_SAMEA111331012_ISOG.scaffolds.min200.fasta,B2-2
0.0126819,CUEN23-1_SAMEA111331013_ISOG.scaffolds.min200.fasta,B2-2
0.0126819,CUEN23-1_SAMEA111331014_ISOG.scaffolds.min200.fasta,B2-2
0.0128243,CUEN23-1_SAMEA111331015_ISOG.scaffolds.min200.fasta,B2-2
0.0127293,CUEN23-1_SAMEA111331016_ISOG.scaffolds.min200.fasta,B2-2
0.0126819,CUEN23-1_SAMEA111331017_ISOG.scaffolds.min200.fasta,B2-2
0.0152404,CUEN23-1_SAMEA111331018_ISOG.scaffolds.min200.fasta,D3
0.00611156,CUEN23-1_SAMEA111331019_ISOG.scaffolds.min200.fasta,D1
0.010314,CUEN23-1_SAMEA111331020_ISOG.scaffolds.min200.fasta,B1
0.00417861,CUEN23-1_SAMEA111331021_ISOG.scaffolds.min200.fasta,B1
0.00476862,CUEN23-1_SAMEA111331022_ISOG.scaffolds.min200.fasta,D1
0.0106545,CUEN23-1_SAMEA111331023_ISOG.scaffolds.min200.fasta,B2-2
0.017359,CUEN23-1_SAMEA111331024_ISOG.scaffolds.min200.fasta,F
0.0172424,CUEN23-1_SAMEA111331025_ISOG.scaffolds.min200.fasta,F
0.00989629,CUEN23-1_SAMEA111331026_ISOG.scaffolds.min200.fasta,B1
0.0134036,CUEN23-1_SAMEA111331027_ISOG.scaffolds.min200.fasta,B2-2
0.0129677,CUEN23-1_SAMEA111331028_ISOG.scaffolds.min200.fasta,B2-2
0.00734051,CUEN23-1_SAMEA111331029_ISOG.scaffolds.min200.fasta,A
0.00652391,CUEN23-1_SAMEA111331030_ISOG.scaffolds.min200.fasta,A
0.0111761,CUEN23-1_SAMEA111331031_ISOG.scaffolds.min200.fasta,A
0.00229842,CUEN23-1_SAMEA111331032_ISOG.scaffolds.min200.fasta,D1
0.0025468,CUEN23-1_SAMEA111331033_ISOG.scaffolds.min200.fasta,B2-1
0.0025468,CUEN23-1_SAMEA111331034_ISOG.scaffolds.min200.fasta,B2-1
0.00257463,CUEN23-1_SAMEA111331035_ISOG.scaffolds.min200.fasta,B2-1
0.00251903,CUEN23-1_SAMEA111331036_ISOG.scaffolds.min200.fasta,B2-1
0.0025468,CUEN23-1_SAMEA111331037_ISOG.scaffolds.min200.fasta,B2-1
0.00257463,CUEN23-1_SAMEA111331038_ISOG.scaffolds.min200.fasta,B2-1
0.0025468,CUEN23-1_SAMEA111331039_ISOG.scaffolds.min200.fasta,B2-1
0.0025468,CUEN23-1_SAMEA111331040_ISOG.scaffolds.min200.fasta,B2-1
0.00257463,CUEN23-1_SAMEA111331041_ISOG.scaffolds.min200.fasta,B2-1
0.0025468,CUEN23-1_SAMEA111331042_ISOG.scaffolds.min200.fasta,B2-1
0.00251903,CUEN23-1_SAMEA111331043_ISOG.scaffolds.min200.fasta,D1
0.0174761,CUEN23-1_SAMEA111331044_ISOG.scaffolds.min200.fasta,D3
0.00451781,CUEN23-1_SAMEA111331045_ISOG.scaffolds.min200.fasta,B1
0.0157245,CUEN23-1_SAMEA111331046_ISOG.scaffolds.min200.fasta,D3
0.0103562,CUEN23-1_SAMEA111331047_ISOG.scaffolds.min200.fasta,A
0.0112201,CUEN23-1_SAMEA111331048_ISOG.scaffolds.min200.fasta,B2-2
0.0101878,CUEN23-1_SAMEA111331049_ISOG.scaffolds.min200.fasta,B2-2
0.0113529,CUEN23-1_SAMEA111331050_ISOG.scaffolds.min200.fasta,B2-2
0.00420918,CUEN23-1_SAMEA111331051_ISOG.scaffolds.min200.fasta,C
0.00442466,CUEN23-1_SAMEA111331052_ISOG.scaffolds.min200.fasta,B1
0.00544411,CUEN23-1_SAMEA111331053_ISOG.scaffolds.min200.fasta,B2-1
0.00167981,CUEN23-1_SAMEA111331054_ISOG.scaffolds.min200.fasta,D1
0.00458019,CUEN23-1_SAMEA111331055_ISOG.scaffolds.min200.fasta,D1
0.0130157,CUEN23-1_SAMEA111331056_ISOG.scaffolds.min200.fasta,B2-2
0.00243596,CUEN23-1_SAMEA111331057_ISOG.scaffolds.min200.fasta,B2-1
0.00157453,CUEN23-1_SAMEA111331058_ISOG.scaffolds.min200.fasta,B2-1
0.00989629,CUEN23-1_SAMEA111331059_ISOG.scaffolds.min200.fasta,B2-2
0.00597612,CUEN23-1_SAMEA111331060_ISOG.scaffolds.min200.fasta,D1
0.0120757,CUEN23-1_SAMEA111331061_ISOG.scaffolds.min200.fasta,F
0.00683925,CUEN23-1_SAMEA111331062_ISOG.scaffolds.min200.fasta,F
0.00430121,CUEN23-1_SAMEA111331063_ISOG.scaffolds.min200.fasta,B1
0.00257463,CUEN23-1_SAMEA111331064_ISOG.scaffolds.min200.fasta,B2-2
0.00869309,CUEN23-1_SAMEA111331065_ISOG.scaffolds.min200.fasta,B1
0.00243596,CUEN23-1_SAMEA111331066_ISOG.scaffolds.min200.fasta,B2-2
0.0107836,CUEN23-1_SAMEA111331067_ISOG.scaffolds.min200.fasta,B2-2
0.00232584,CUEN23-1_SAMEA111331068_ISOG.scaffolds.min200.fasta,D1
0.00877107,CUEN23-1_SAMEA111331069_ISOG.scaffolds.min200.fasta,B2-2
0.00146992,CUEN23-1_SAMEA111331070_ISOG.scaffolds.min200.fasta,B2-2
0.00977265,CUEN23-1_SAMEA111331071_ISOG.scaffolds.min200.fasta,B2-2
0.00229842,CUEN23-1_SAMEA111331072_ISOG.scaffolds.min200.fasta,B2-2
0.0112201,CUEN23-1_SAMEA111331073_ISOG.scaffolds.min200.fasta,B2-2
0.00508714,CUEN23-1_SAMEA111331074_ISOG.scaffolds.min200.fasta,D1
0.0114865,CUEN23-1_SAMEA111331075_ISOG.scaffolds.min200.fasta,B2-2
0.00480022,CUEN23-1_SAMEA111331076_ISOG.scaffolds.min200.fasta,B2-1
0.00402654,CUEN23-1_SAMEA111331077_ISOG.scaffolds.min200.fasta,D1
0.00243596,CUEN23-1_SAMEA111331078_ISOG.scaffolds.min200.fasta,B2-2
0.0110007,CUEN23-1_SAMEA111331079_ISOG.scaffolds.min200.fasta,B2-2
0.00981378,CUEN23-1_SAMEA111331080_ISOG.scaffolds.min200.fasta,B2-2
0.00105797,CUEN23-1_SAMEA111331081_ISOG.scaffolds.min200.fasta,B2-1
0.00360762,CUEN23-1_SAMEA111331082_ISOG.scaffolds.min200.fasta,B1
0.0108702,CUEN23-1_SAMEA111331083_ISOG.scaffolds.min200.fasta,B2-2
0.00550978,CUEN23-1_SAMEA111331084_ISOG.scaffolds.min200.fasta,D3
0.00160079,CUEN23-1_SAMEA111331085_ISOG.scaffolds.min200.fasta,B2-1
0.00257463,CUEN23-1_SAMEA111331086_ISOG.scaffolds.min200.fasta,B2-2
0.0104835,CUEN23-1_SAMEA111331087_ISOG.scaffolds.min200.fasta,B2-2
0.00948708,CUEN23-1_SAMEA111331088_ISOG.scaffolds.min200.fasta,B2-2
0.00631659,CUEN23-1_SAMEA111331089_ISOG.scaffolds.min200.fasta,A
0.00944662,CUEN23-1_SAMEA111331090_ISOG.scaffolds.min200.fasta,B2-1
0.0135508,CUEN23-1_SAMEA111331091_ISOG.scaffolds.min200.fasta,B2-2
0.0104835,CUEN23-1_SAMEA111331092_ISOG.scaffolds.min200.fasta,B2-2
0.0097316,CUEN23-1_SAMEA111331093_ISOG.scaffolds.min200.fasta,B1
0.00175922,CUEN23-1_SAMEA111331094_ISOG.scaffolds.min200.fasta,B2-2
0.0140492,CUEN23-1_SAMEA111331095_ISOG.scaffolds.min200.fasta,B2-2
0.0037263,CUEN23-1_SAMEA111331096_ISOG.scaffolds.min200.fasta,B2-2
0.0024636,CUEN23-1_SAMEA111331097_ISOG.scaffolds.min200.fasta,D1
0.0133547,CUEN23-1_SAMEA111331098_ISOG.scaffolds.min200.fasta,B2-2
0.00635099,CUEN23-1_SAMEA111331099_ISOG.scaffolds.min200.fasta,B2-1
0.00638544,CUEN23-1_SAMEA111331100_ISOG.scaffolds.min200.fasta,F
0.00229842,CUEN23-1_SAMEA111331101_ISOG.scaffolds.min200.fasta,D1
0.015943,CUEN23-1_SAMEA111331102_ISOG.scaffolds.min200.fasta,F
0.00611156,CUEN23-1_SAMEA111331103_ISOG.scaffolds.min200.fasta,B2-1
0.00194597,CUEN23-1_SAMEA111331104_ISOG.scaffolds.min200.fasta,D1
0.0127293,CUEN23-1_SAMEA111331105_ISOG.scaffolds.min200.fasta,B2-2
0.0109571,CUEN23-1_SAMEA111331106_ISOG.scaffolds.min200.fasta,B2-2
0.0109571,CUEN23-1_SAMEA111331107_ISOG.scaffolds.min200.fasta,B2-2
0.0109571,CUEN23-1_SAMEA111331108_ISOG.scaffolds.min200.fasta,B2-2
0.0109571,CUEN23-1_SAMEA111331109_ISOG.scaffolds.min200.fasta,B2-2
0.0109571,CUEN23-1_SAMEA111331110_ISOG.scaffolds.min200.fasta,B2-2
0.0109136,CUEN23-1_SAMEA111331111_ISOG.scaffolds.min200.fasta,B2-2
0.0110882,CUEN23-1_SAMEA111331112_ISOG.scaffolds.min200.fasta,B2-2
0.0109571,CUEN23-1_SAMEA111331113_ISOG.scaffolds.min200.fasta,B2-2
0.0109571,CUEN23-1_SAMEA111331114_ISOG.scaffolds.min200.fasta,B2-2
0.0109571,CUEN23-1_SAMEA111331115_ISOG.scaffolds.min200.fasta,B2-2
0.00268639,CUEN23-1_SAMEA111331116_ISOG.scaffolds.min200.fasta,D1
0.00621379,CUEN23-1_SAMEA111331117_ISOG.scaffolds.min200.fasta,B2-1
0.00884936,CUEN23-1_SAMEA111331118_ISOG.scaffolds.min200.fasta,B2-2
0.00396608,CUEN23-1_SAMEA111331119_ISOG.scaffolds.min200.fasta,B2-1
0.0150285,CUEN23-1_SAMEA111331120_ISOG.scaffolds.min200.fasta,D3
0.0106116,CUEN23-1_SAMEA111331121_ISOG.scaffolds.min200.fasta,B2-2
0.0175349,CUEN23-1_SAMEA111331122_ISOG.scaffolds.min200.fasta,F
0.00218918,CUEN23-1_SAMEA111331123_ISOG.scaffolds.min200.fasta,B2-2
0.00427048,CUEN23-1_SAMEA111331124_ISOG.scaffolds.min200.fasta,D1
0.00178577,CUEN23-1_SAMEA111331125_ISOG.scaffolds.min200.fasta,B2-2
0.0111321,CUEN23-1_SAMEA111331126_ISOG.scaffolds.min200.fasta,B2-2
0.0140492,CUEN23-1_SAMEA111331127_ISOG.scaffolds.min200.fasta,B2-2
0.00940624,CUEN23-1_SAMEA111331128_ISOG.scaffolds.min200.fasta,B1
0.00537869,CUEN23-1_SAMEA111331129_ISOG.scaffolds.min200.fasta,A
0.00271444,CUEN23-1_SAMEA111331130_ISOG.scaffolds.min200.fasta,B2-2
0.00960897,CUEN23-1_SAMEA111331131_ISOG.scaffolds.min200.fasta,B2-2
0.00197282,CUEN23-1_SAMEA111331132_ISOG.scaffolds.min200.fasta,B2-1
0.00170624,CUEN23-1_SAMEA111331133_ISOG.scaffolds.min200.fasta,B2-2
0.00448671,CUEN23-1_SAMEA111331134_ISOG.scaffolds.min200.fasta,B2-1
0.00227104,CUEN23-1_SAMEA111331135_ISOG.scaffolds.min200.fasta,B2-2
0.0110882,CUEN23-1_SAMEA111331136_ISOG.scaffolds.min200.fasta,B2-2
0.0171844,CUEN23-1_SAMEA111331137_ISOG.scaffolds.min200.fasta,F
0.0118017,CUEN23-1_SAMEA111331138_ISOG.scaffolds.min200.fasta,B2-2
0.0120757,CUEN23-1_SAMEA111331139_ISOG.scaffolds.min200.fasta,B2-1
0.0106974,CUEN23-1_SAMEA111331140_ISOG.scaffolds.min200.fasta,B2-2
0.000931334,CUEN23-1_SAMEA111331141_ISOG.scaffolds.min200.fasta,B2-2
0.013112,CUEN23-1_SAMEA111331142_ISOG.scaffolds.min200.fasta,B2-2
0.00396608,CUEN23-1_SAMEA111331143_ISOG.scaffolds.min200.fasta,B1
0.0105688,CUEN23-1_SAMEA111331144_ISOG.scaffolds.min200.fasta,B2-1
0.00752278,CUEN23-1_SAMEA111331145_ISOG.scaffolds.min200.fasta,C
0.0118927,CUEN23-1_SAMEA111331146_ISOG.scaffolds.min200.fasta,B2-2
0.0101459,CUEN23-1_SAMEA111331147_ISOG.scaffolds.min200.fasta,B2-2
0.000830728,CUEN23-1_SAMEA111331148_ISOG.scaffolds.min200.fasta,B2-1
0.0110007,CUEN23-1_SAMEA111331149_ISOG.scaffolds.min200.fasta,B2-2
0.00334352,CUEN23-1_SAMEA111331150_ISOG.scaffolds.min200.fasta,B2-2
0.00577481,CUEN23-1_SAMEA111331152_ISOG.scaffolds.min200.fasta,D1
0.00912584,CUEN23-1_SAMEA111331153_ISOG.scaffolds.min200.fasta,B2-2
0.00892796,CUEN23-1_SAMEA111331154_ISOG.scaffolds.min200.fasta,B2-2
0.0133059,CUEN23-1_SAMEA111331155_ISOG.scaffolds.min200.fasta,B2-1
0.0107405,CUEN23-1_SAMEA111331156_ISOG.scaffolds.min200.fasta,B2-2
0.0132087,CUEN23-1_SAMEA111331157_ISOG.scaffolds.min200.fasta,B2-2
0.013112,CUEN23-1_SAMEA111331158_ISOG.scaffolds.min200.fasta,B2-2
0.0103562,CUEN23-1_SAMEA111331159_ISOG.scaffolds.min200.fasta,B2-1
0.00170624,CUEN23-1_SAMEA111331160_ISOG.scaffolds.min200.fasta,B2-2
0.00218918,CUEN23-1_SAMEA111331161_ISOG.scaffolds.min200.fasta,B2-2
0.00213483,CUEN23-1_SAMEA111331162_ISOG.scaffolds.min200.fasta,D2
0.0134036,CUEN23-1_SAMEA111331163_ISOG.scaffolds.min200.fasta,D3
0.010441,CUEN23-1_SAMEA111331164_ISOG.scaffolds.min200.fasta,B2-1
0.00531349,CUEN23-1_SAMEA111331165_ISOG.scaffolds.min200.fasta,B1
0.0110444,CUEN23-1_SAMEA111331166_ISOG.scaffolds.min200.fasta,B2-2
0.00948708,CUEN23-1_SAMEA111331167_ISOG.scaffolds.min200.fasta,A
0.00537869,CUEN23-1_SAMEA111331168_ISOG.scaffolds.min200.fasta,B2-1
0.00199971,CUEN23-1_SAMEA111331169_ISOG.scaffolds.min200.fasta,D2
0.0103562,CUEN23-1_SAMEA111331170_ISOG.scaffolds.min200.fasta,B1
0.0105688,CUEN23-1_SAMEA111331171_ISOG.scaffolds.min200.fasta,B1
0.00969064,CUEN23-1_SAMEA111331172_ISOG.scaffolds.min200.fasta,B2-1
0.0042398,CUEN23-1_SAMEA111331173_ISOG.scaffolds.min200.fasta,D1
0.00865422,CUEN23-1_SAMEA111331174_ISOG.scaffolds.min200.fasta,B2-2
0.00399629,CUEN23-1_SAMEA111331175_ISOG.scaffolds.min200.fasta,C
0.0100207,CUEN23-1_SAMEA111331176_ISOG.scaffolds.min200.fasta,B2-2
0.0112201,CUEN23-1_SAMEA111331177_ISOG.scaffolds.min200.fasta,B2-2
0.0107836,CUEN23-1_SAMEA111331178_ISOG.scaffolds.min200.fasta,B2-2
0.0110882,CUEN23-1_SAMEA111331179_ISOG.scaffolds.min200.fasta,A
0.00900687,CUEN23-1_SAMEA111331180_ISOG.scaffolds.min200.fasta,B1
0.010314,CUEN23-1_SAMEA111331181_ISOG.scaffolds.min200.fasta,B2-2
0.0113086,CUEN23-1_SAMEA111331182_ISOG.scaffolds.min200.fasta,A
0.0118017,CUEN23-1_SAMEA111331183_ISOG.scaffolds.min200.fasta,B2-2
0.00567497,CUEN23-1_SAMEA111331184_ISOG.scaffolds.min200.fasta,B2-1
0.00993767,CUEN23-1_SAMEA111331185_ISOG.scaffolds.min200.fasta,B2-2
0.0113086,CUEN23-1_SAMEA111331186_ISOG.scaffolds.min200.fasta,B2-2
0.0109136,CUEN23-1_SAMEA111331187_ISOG.scaffolds.min200.fasta,B2-2
0.0143027,CUEN23-1_SAMEA111331188_ISOG.scaffolds.min200.fasta,B2-2
0.00199971,CUEN23-1_SAMEA111331189_ISOG.scaffolds.min200.fasta,D2
0.00322742,CUEN23-1_SAMEA111331190_ISOG.scaffolds.min200.fasta,B2-2
0.0107405,CUEN23-1_SAMEA111331191_ISOG.scaffolds.min200.fasta,B2-2
0.0102298,CUEN23-1_SAMEA111331192_ISOG.scaffolds.min200.fasta,B2-2
0.00969064,CUEN23-1_SAMEA111331193_ISOG.scaffolds.min200.fasta,B2-2
0.0115313,CUEN23-1_SAMEA111331194_ISOG.scaffolds.min200.fasta,B2-1
0.00932572,CUEN23-1_SAMEA111331195_ISOG.scaffolds.min200.fasta,B1
0.010314,CUEN23-1_SAMEA111331196_ISOG.scaffolds.min200.fasta,B2-2
0.00375609,CUEN23-1_SAMEA111331197_ISOG.scaffolds.min200.fasta,D1
0.00712406,CUEN23-1_SAMEA111331198_ISOG.scaffolds.min200.fasta,C
0.00997914,CUEN23-1_SAMEA111331199_ISOG.scaffolds.min200.fasta,B2-2
0.0118017,CUEN23-1_SAMEA111331200_ISOG.scaffolds.min200.fasta,D1
0.00146992,CUEN23-1_SAMEA111331201_ISOG.scaffolds.min200.fasta,B2-1
0.00900687,CUEN23-1_SAMEA111331202_ISOG.scaffolds.min200.fasta,B2-2
0.00680395,CUEN23-1_SAMEA111331203_ISOG.scaffolds.min200.fasta,B2-1
0.0011856,CUEN23-1_SAMEA111331204_ISOG.scaffolds.min200.fasta,B2-1
0.0097316,CUEN23-1_SAMEA111331205_ISOG.scaffolds.min200.fasta,B2-2
0.0129677,CUEN23-1_SAMEA111331206_ISOG.scaffolds.min200.fasta,B2-2
0.00785531,CUEN23-1_SAMEA111331207_ISOG.scaffolds.min200.fasta,B1
0.0143027,CUEN23-1_SAMEA111331208_ISOG.scaffolds.min200.fasta,B2-2
0.00461146,CUEN23-1_SAMEA111331209_ISOG.scaffolds.min200.fasta,D2
0.00458019,CUEN23-1_SAMEA111331210_ISOG.scaffolds.min200.fasta,D2
0.0109136,CUEN23-1_SAMEA111331211_ISOG.scaffolds.min200.fasta,B2-2
0.00149601,CUEN23-1_SAMEA111331212_ISOG.scaffolds.min200.fasta,B2-1
0.00243596,CUEN23-1_SAMEA111331213_ISOG.scaffolds.min200.fasta,B2-2
0.0129198,CUEN23-1_SAMEA111331214_ISOG.scaffolds.min200.fasta,B2-2
0.0113529,CUEN23-1_SAMEA111331215_ISOG.scaffolds.min200.fasta,B2-2
0.0140492,CUEN23-1_SAMEA111331216_ISOG.scaffolds.min200.fasta,G
0.0141502,CUEN23-1_SAMEA111331217_ISOG.scaffolds.min200.fasta,B2-2
0.00265838,CUEN23-1_SAMEA111331218_ISOG.scaffolds.min200.fasta,D1
0.0127767,CUEN23-1_SAMEA111331219_ISOG.scaffolds.min200.fasta,B2-2
0.0042398,CUEN23-1_SAMEA111331220_ISOG.scaffolds.min200.fasta,D1
0.0111761,CUEN23-1_SAMEA111331221_ISOG.scaffolds.min200.fasta,B2-1
0.00570819,CUEN23-1_SAMEA111331222_ISOG.scaffolds.min200.fasta,B2-1
0.00985499,CUEN23-1_SAMEA111331223_ISOG.scaffolds.min200.fasta,B2-2
0.0137488,CUEN23-1_SAMEA111331224_ISOG.scaffolds.min200.fasta,B2-2
0.0037263,CUEN23-1_SAMEA111331225_ISOG.scaffolds.min200.fasta,B2-2
0.0174175,CUEN23-1_SAMEA111331226_ISOG.scaffolds.min200.fasta,D3
0.00439372,CUEN23-1_SAMEA111331227_ISOG.scaffolds.min200.fasta,D1
0.00178577,CUEN23-1_SAMEA111331228_ISOG.scaffolds.min200.fasta,B2-2
0.0147665,CUEN23-1_SAMEA111331229_ISOG.scaffolds.min200.fasta,D3
0.00218918,CUEN23-1_SAMEA111331230_ISOG.scaffolds.min200.fasta,B2-1
0.0117112,CUEN23-1_SAMEA111331231_ISOG.scaffolds.min200.fasta,B2-1
0.00884936,CUEN23-1_SAMEA111331232_ISOG.scaffolds.min200.fasta,B1
0.0138485,CUEN23-1_SAMEA111331233_ISOG.scaffolds.min200.fasta,B2-2
0.0138985,CUEN23-1_SAMEA111331234_ISOG.scaffolds.min200.fasta,B2-2
0.0101459,CUEN23-1_SAMEA111331235_ISOG.scaffolds.min200.fasta,B2-2
0.00210772,CUEN23-1_SAMEA111331236_ISOG.scaffolds.min200.fasta,B2-2
0.0114419,CUEN23-1_SAMEA111331237_ISOG.scaffolds.min200.fasta,B2-2
0.00900687,CUEN23-1_SAMEA111331238_ISOG.scaffolds.min200.fasta,B1
0.0106545,CUEN23-1_SAMEA111331239_ISOG.scaffolds.min200.fasta,B2-1
0.0103986,CUEN23-1_SAMEA111331240_ISOG.scaffolds.min200.fasta,B2-2
0.00363721,CUEN23-1_SAMEA111331241_ISOG.scaffolds.min200.fasta,B2-2
0.00238081,CUEN23-1_SAMEA111331242_ISOG.scaffolds.min200.fasta,B2-2
0.0135016,CUEN23-1_SAMEA111331243_ISOG.scaffolds.min200.fasta,D3
0.0105688,CUEN23-1_SAMEA111331244_ISOG.scaffolds.min200.fasta,B2-2
0.0129198,CUEN23-1_SAMEA111331245_ISOG.scaffolds.min200.fasta,F
0.00165343,CUEN23-1_SAMEA111331246_ISOG.scaffolds.min200.fasta,B2-1
0.00123693,CUEN23-1_SAMEA111331247_ISOG.scaffolds.min200.fasta,B2-2
0.00896738,CUEN23-1_SAMEA111331248_ISOG.scaffolds.min200.fasta,B1
0.0100623,CUEN23-1_SAMEA111331249_ISOG.scaffolds.min200.fasta,B2-2
0.00316966,CUEN23-1_SAMEA111331250_ISOG.scaffolds.min200.fasta,B2-2
0.00229842,CUEN23-1_SAMEA111331251_ISOG.scaffolds.min200.fasta,B2-2
0.00178577,CUEN23-1_SAMEA111331252_ISOG.scaffolds.min200.fasta,B2-1
0.00584167,CUEN23-1_SAMEA111331253_ISOG.scaffolds.min200.fasta,D1
0.00257463,CUEN23-1_SAMEA111331254_ISOG.scaffolds.min200.fasta,B2-2
0.0115313,CUEN23-1_SAMEA111331255_ISOG.scaffolds.min200.fasta,B2-1
0.0160531,CUEN23-1_SAMEA111331256_ISOG.scaffolds.min200.fasta,D3
0.0103562,CUEN23-1_SAMEA111331257_ISOG.scaffolds.min200.fasta,B2-2
0.0102718,CUEN23-1_SAMEA111331258_ISOG.scaffolds.min200.fasta,B2-2
0.0149759,CUEN23-1_SAMEA111331259_ISOG.scaffolds.min200.fasta,D2
0.0103562,CUEN23-1_SAMEA111331260_ISOG.scaffolds.min200.fasta,B1
0.00271444,CUEN23-1_SAMEA111331261_ISOG.scaffolds.min200.fasta,B2-2
0.00723198,CUEN23-1_SAMEA111331262_ISOG.scaffolds.min200.fasta,C
0.00531349,CUEN23-1_SAMEA111331263_ISOG.scaffolds.min200.fasta,B1
0.0105261,CUEN23-1_SAMEA111331264_ISOG.scaffolds.min200.fasta,B2-1
0.0133547,CUEN23-1_SAMEA111331266_ISOG.scaffolds.min200.fasta,B2-2
0.00221642,CUEN23-1_SAMEA111331267_ISOG.scaffolds.min200.fasta,B2-1
0.00698112,CUEN23-1_SAMEA111331268_ISOG.scaffolds.min200.fasta,A
0.00470559,CUEN23-1_SAMEA111331269_ISOG.scaffolds.min200.fasta,B1
0.00483188,CUEN23-1_SAMEA111331270_ISOG.scaffolds.min200.fasta,B1
0.00480022,CUEN23-1_SAMEA111331271_ISOG.scaffolds.min200.fasta,D1
0.00240836,CUEN23-1_SAMEA111331272_ISOG.scaffolds.min200.fasta,B2-2
0.00199971,CUEN23-1_SAMEA111331273_ISOG.scaffolds.min200.fasta,B2-1
0.0024636,CUEN23-1_SAMEA111331274_ISOG.scaffolds.min200.fasta,B2-2
0.00243596,CUEN23-1_SAMEA111331275_ISOG.scaffolds.min200.fasta,B2-2
0.00232584,CUEN23-1_SAMEA111331276_ISOG.scaffolds.min200.fasta,B2-2
0.00408721,CUEN23-1_SAMEA111331277_ISOG.scaffolds.min200.fasta,D3
0.00224371,CUEN23-1_SAMEA111331278_ISOG.scaffolds.min200.fasta,B2-2
0.00205363,CUEN23-1_SAMEA111331279_ISOG.scaffolds.min200.fasta,B2-1
0.0319897,CUEN23-1_SAMEA111331280_ISOG.scaffolds.min200.fasta,F
0.0130638,CUEN23-1_SAMEA111331281_ISOG.scaffolds.min200.fasta,B2-2
0.00302611,CUEN23-1_SAMEA111331282_ISOG.scaffolds.min200.fasta,B2-2
0.00351914,CUEN23-1_SAMEA111331283_ISOG.scaffolds.min200.fasta,D1
0.00952763,CUEN23-1_SAMEA111331284_ISOG.scaffolds.min200.fasta,A
0.00136596,CUEN23-1_SAMEA111331285_ISOG.scaffolds.min200.fasta,B2-1
0.0111761,CUEN23-1_SAMEA111331286_ISOG.scaffolds.min200.fasta,B2-2
0.00216198,CUEN23-1_SAMEA111331287_ISOG.scaffolds.min200.fasta,B2-2
0.0149234,CUEN23-1_SAMEA111331288_ISOG.scaffolds.min200.fasta,D3
0.00305472,CUEN23-1_SAMEA111331289_ISOG.scaffolds.min200.fasta,B2-2
0.00956826,CUEN23-1_SAMEA111331290_ISOG.scaffolds.min200.fasta,B2-2
0.00537869,CUEN23-1_SAMEA111331291_ISOG.scaffolds.min200.fasta,C
0.00502299,CUEN23-1_SAMEA111331292_ISOG.scaffolds.min200.fasta,B1
0.00977265,CUEN23-1_SAMEA111331293_ISOG.scaffolds.min200.fasta,B2-2
0.00360762,CUEN23-1_SAMEA111331294_ISOG.scaffolds.min200.fasta,B2-2
0.00896738,CUEN23-1_SAMEA111331295_ISOG.scaffolds.min200.fasta,B2-2
0.00224371,CUEN23-1_SAMEA111331296_ISOG.scaffolds.min200.fasta,B2-1
0.0105261,CUEN23-1_SAMEA111331297_ISOG.scaffolds.min200.fasta,B2-2
0.0104835,CUEN23-1_SAMEA111331298_ISOG.scaffolds.min200.fasta,B2-2
0.00993767,CUEN23-1_SAMEA111331299_ISOG.scaffolds.min200.fasta,B2-2
0.00232584,CUEN23-1_SAMEA111331300_ISOG.scaffolds.min200.fasta,B2-2
0.00343111,CUEN23-1_SAMEA111331301_ISOG.scaffolds.min200.fasta,A
0.0135508,CUEN23-1_SAMEA111331302_ISOG.scaffolds.min200.fasta,B2-2
0.0106974,CUEN23-1_SAMEA111331303_ISOG.scaffolds.min200.fasta,B2-2
0.0124935,CUEN23-1_SAMEA111331304_ISOG.scaffolds.min200.fasta,A
0.00541137,CUEN23-1_SAMEA111331305_ISOG.scaffolds.min200.fasta,B2-1
0.00888862,CUEN23-1_SAMEA111331306_ISOG.scaffolds.min200.fasta,B1
0.0106116,CUEN23-1_SAMEA111331307_ISOG.scaffolds.min200.fasta,B2-2
0.00263042,CUEN23-1_SAMEA111331308_ISOG.scaffolds.min200.fasta,B2-2
0.00892796,CUEN23-1_SAMEA111331309_ISOG.scaffolds.min200.fasta,B2-2
0.00900687,CUEN23-1_SAMEA111331310_ISOG.scaffolds.min200.fasta,D1
0.0100207,CUEN23-1_SAMEA111331311_ISOG.scaffolds.min200.fasta,A
0.00597612,CUEN23-1_SAMEA111331312_ISOG.scaffolds.min200.fasta,G
0.00567497,CUEN23-1_SAMEA111331313_ISOG.scaffolds.min200.fasta,A
0.0037263,CUEN23-1_SAMEA111331314_ISOG.scaffolds.min200.fasta,B2-2
0.0081558,CUEN23-1_SAMEA111331315_ISOG.scaffolds.min200.fasta,C
0.0110882,CUEN23-1_SAMEA111331316_ISOG.scaffolds.min200.fasta,B2-2
0.00912584,CUEN23-1_SAMEA111331317_ISOG.scaffolds.min200.fasta,B1
0.0114419,CUEN23-1_SAMEA111331318_ISOG.scaffolds.min200.fasta,B2-2
0.00265838,CUEN23-1_SAMEA111331319_ISOG.scaffolds.min200.fasta,D1
0.00378594,CUEN23-1_SAMEA111331320_ISOG.scaffolds.min200.fasta,D1
0.0103986,CUEN23-1_SAMEA111331321_ISOG.scaffolds.min200.fasta,B1
0.00208065,CUEN23-1_SAMEA111331322_ISOG.scaffolds.min200.fasta,B2-1
0.00587519,CUEN23-1_SAMEA111331323_ISOG.scaffolds.min200.fasta,B2-1
0.0100207,CUEN23-1_SAMEA111331324_ISOG.scaffolds.min200.fasta,B1
0.00399629,CUEN23-1_SAMEA111331325_ISOG.scaffolds.min200.fasta,B2-2
0.0026025,CUEN23-1_SAMEA111331326_ISOG.scaffolds.min200.fasta,B2-2
0.00461146,CUEN23-1_SAMEA111331327_ISOG.scaffolds.min200.fasta,A
0.0105688,CUEN23-1_SAMEA111331328_ISOG.scaffolds.min200.fasta,B2-2
0.0026025,CUEN23-1_SAMEA111331329_ISOG.scaffolds.min200.fasta,B2-2
0.0137986,CUEN23-1_SAMEA111331330_ISOG.scaffolds.min200.fasta,B2-2
0.00842259,CUEN23-1_SAMEA111331331_ISOG.scaffolds.min200.fasta,A
0.00461146,CUEN23-1_SAMEA111331332_ISOG.scaffolds.min200.fasta,D1
0.00417861,CUEN23-1_SAMEA111331333_ISOG.scaffolds.min200.fasta,B2-1
0.00489536,CUEN23-1_SAMEA111331334_ISOG.scaffolds.min200.fasta,D1
0.0100623,CUEN23-1_SAMEA111331335_ISOG.scaffolds.min200.fasta,B2-2
0.0064892,CUEN23-1_SAMEA111331336_ISOG.scaffolds.min200.fasta,C
0.0112201,CUEN23-1_SAMEA111331337_ISOG.scaffolds.min200.fasta,B2-1
0.00981378,CUEN23-1_SAMEA111331338_ISOG.scaffolds.min200.fasta,B2-2
0.00387578,CUEN23-1_SAMEA111331339_ISOG.scaffolds.min200.fasta,D1
0.00912584,CUEN23-1_SAMEA111331340_ISOG.scaffolds.min200.fasta,B1
0.00263042,CUEN23-1_SAMEA111331341_ISOG.scaffolds.min200.fasta,C
0.004991,CUEN23-1_SAMEA111331342_ISOG.scaffolds.min200.fasta,A
0.00178577,CUEN23-1_SAMEA111331343_ISOG.scaffolds.min200.fasta,B2-2
0.0129677,CUEN23-1_SAMEA111331344_ISOG.scaffolds.min200.fasta,F
0.00480022,CUEN23-1_SAMEA111331345_ISOG.scaffolds.min200.fasta,A
0.011621,CUEN23-1_SAMEA111331346_ISOG.scaffolds.min200.fasta,A
0.00534606,CUEN23-1_SAMEA111331347_ISOG.scaffolds.min200.fasta,D1
0.00580821,CUEN23-1_SAMEA111331348_ISOG.scaffolds.min200.fasta,C
0.00508714,CUEN23-1_SAMEA111331349_ISOG.scaffolds.min200.fasta,D1
0.0143027,CUEN23-1_SAMEA111331350_ISOG.scaffolds.min200.fasta,D3
0.00584167,CUEN23-1_SAMEA111331351_ISOG.scaffolds.min200.fasta,B2-1
0.00952763,CUEN23-1_SAMEA111331352_ISOG.scaffolds.min200.fasta,B2-2
0.0105688,CUEN23-1_SAMEA111331353_ISOG.scaffolds.min200.fasta,B2-2
0.0110882,CUEN23-1_SAMEA111331354_ISOG.scaffolds.min200.fasta,B2-1
0.00993767,CUEN23-1_SAMEA111331355_ISOG.scaffolds.min200.fasta,B1
0.00213483,CUEN23-1_SAMEA111331356_ISOG.scaffolds.min200.fasta,B2-1
0.00701675,CUEN23-1_SAMEA111331357_ISOG.scaffolds.min200.fasta,B1
0.00249129,CUEN23-1_SAMEA111331358_ISOG.scaffolds.min200.fasta,D1
0.00340187,CUEN23-1_SAMEA111331359_ISOG.scaffolds.min200.fasta,B2-2
0.0103986,CUEN23-1_SAMEA111331360_ISOG.scaffolds.min200.fasta,B2-2
0.00229842,CUEN23-1_SAMEA111331361_ISOG.scaffolds.min200.fasta,B2-2
0.0031121,CUEN23-1_SAMEA111331362_ISOG.scaffolds.min200.fasta,B2-1
0.00282712,CUEN23-1_SAMEA111331363_ISOG.scaffolds.min200.fasta,B2-2
0.0168963,CUEN23-1_SAMEA111331364_ISOG.scaffolds.min200.fasta,E2
0.00238081,CUEN23-1_SAMEA111331365_ISOG.scaffolds.min200.fasta,B2-2
0.00993767,CUEN23-1_SAMEA111331366_ISOG.scaffolds.min200.fasta,B1
0.00834599,CUEN23-1_SAMEA111331367_ISOG.scaffolds.min200.fasta,B1
0.0124935,CUEN23-1_SAMEA111331368_ISOG.scaffolds.min200.fasta,B2-1
0.0042398,CUEN23-1_SAMEA111331369_ISOG.scaffolds.min200.fasta,D1
0.00464278,CUEN23-1_SAMEA111331370_ISOG.scaffolds.min200.fasta,D2
0.00224371,CUEN23-1_SAMEA111331371_ISOG.scaffolds.min200.fasta,B2-2
0.0133059,CUEN23-1_SAMEA111331372_ISOG.scaffolds.min200.fasta,D1
0.00537869,CUEN23-1_SAMEA111331373_ISOG.scaffolds.min200.fasta,B2-1
0.00467416,CUEN23-1_SAMEA111331374_ISOG.scaffolds.min200.fasta,D1
0.00547692,CUEN23-1_SAMEA111331375_ISOG.scaffolds.min200.fasta,B2-1
0.0135508,CUEN23-1_SAMEA111331376_ISOG.scaffolds.min200.fasta,F
0.00977265,CUEN23-1_SAMEA111331377_ISOG.scaffolds.min200.fasta,B2-2
0.0113974,CUEN23-1_SAMEA111331378_ISOG.scaffolds.min200.fasta,B2-2
0.0111321,CUEN23-1_SAMEA111331379_ISOG.scaffolds.min200.fasta,B2-1
0.0125405,CUEN23-1_SAMEA111331380_ISOG.scaffolds.min200.fasta,B2-2
0.0025468,CUEN23-1_SAMEA111331381_ISOG.scaffolds.min200.fasta,B2-2
0.0101459,CUEN23-1_SAMEA111331382_ISOG.scaffolds.min200.fasta,B2-2
0.00796745,CUEN23-1_SAMEA111331383_ISOG.scaffolds.min200.fasta,B1
0.0126819,CUEN23-1_SAMEA111331384_ISOG.scaffolds.min200.fasta,B2-2
0.0128243,CUEN23-1_SAMEA111331385_ISOG.scaffolds.min200.fasta,B2-2
0.0126819,CUEN23-1_SAMEA111331386_ISOG.scaffolds.min200.fasta,B2-2
0.0126819,CUEN23-1_SAMEA111331387_ISOG.scaffolds.min200.fasta,B2-2
0.0126819,CUEN23-1_SAMEA111331388_ISOG.scaffolds.min200.fasta,B2-2
0.0126819,CUEN23-1_SAMEA111331389_ISOG.scaffolds.min200.fasta,B2-2
0.0126819,CUEN23-1_SAMEA111331390_ISOG.scaffolds.min200.fasta,B2-2
0.0126819,CUEN23-1_SAMEA111331391_ISOG.scaffolds.min200.fasta,B2-2
0.0127293,CUEN23-1_SAMEA111331392_ISOG.scaffolds.min200.fasta,B2-2
0.0126819,CUEN23-1_SAMEA111331393_ISOG.scaffolds.min200.fasta,B2-2
0.00224371,CUEN23-1_SAMEA111331394_ISOG.scaffolds.min200.fasta,B2-2
0.00173271,CUEN23-1_SAMEA111331395_ISOG.scaffolds.min200.fasta,B2-2
0.00489536,CUEN23-1_SAMEA111331396_ISOG.scaffolds.min200.fasta,D1
0.00191916,CUEN23-1_SAMEA111331397_ISOG.scaffolds.min200.fasta,D2
0.0100623,CUEN23-1_SAMEA111331398_ISOG.scaffolds.min200.fasta,B2-2
0.0090861,CUEN23-1_SAMEA111331399_ISOG.scaffolds.min200.fasta,B2-2
0.0118017,CUEN23-1_SAMEA111331400_ISOG.scaffolds.min200.fasta,A
0.00251903,CUEN23-1_SAMEA111331401_ISOG.scaffolds.min200.fasta,B2-1
0.00257463,CUEN23-1_SAMEA111331402_ISOG.scaffolds.min200.fasta,B2-1
0.0025468,CUEN23-1_SAMEA111331403_ISOG.scaffolds.min200.fasta,B2-1
0.00251903,CUEN23-1_SAMEA111331404_ISOG.scaffolds.min200.fasta,B2-1
0.0025468,CUEN23-1_SAMEA111331405_ISOG.scaffolds.min200.fasta,B2-1
0.00263042,CUEN23-1_SAMEA111331406_ISOG.scaffolds.min200.fasta,B2-1
0.00251903,CUEN23-1_SAMEA111331407_ISOG.scaffolds.min200.fasta,B2-1
0.00251903,CUEN23-1_SAMEA111331408_ISOG.scaffolds.min200.fasta,B2-1
0.00251903,CUEN23-1_SAMEA111331409_ISOG.scaffolds.min200.fasta,B2-1
0.00263042,CUEN23-1_SAMEA111331410_ISOG.scaffolds.min200.fasta,B2-1
0.00564181,CUEN23-1_SAMEA111331411_ISOG.scaffolds.min200.fasta,D1
0.00448671,CUEN23-1_SAMEA111331412_ISOG.scaffolds.min200.fasta,D1
0.0149234,CUEN23-1_SAMEA111331413_ISOG.scaffolds.min200.fasta,D2
0.0169536,CUEN23-1_SAMEA111331414_ISOG.scaffolds.min200.fasta,F
0.0097316,CUEN23-1_SAMEA111331415_ISOG.scaffolds.min200.fasta,B1
0.00574147,CUEN23-1_SAMEA111331416_ISOG.scaffolds.min200.fasta,B2-1
0.00916565,CUEN23-1_SAMEA111331417_ISOG.scaffolds.min200.fasta,B2-2
0.0142009,CUEN23-1_SAMEA111331418_ISOG.scaffolds.min200.fasta,B2-2
0.004991,CUEN23-1_SAMEA111331419_ISOG.scaffolds.min200.fasta,B1
0.0100623,CUEN23-1_SAMEA111331420_ISOG.scaffolds.min200.fasta,B2-2
0.0106116,CUEN23-1_SAMEA111331421_ISOG.scaffolds.min200.fasta,B1
0.010314,CUEN23-1_SAMEA111331422_ISOG.scaffolds.min200.fasta,B2-1
0.0133059,CUEN23-1_SAMEA111331423_ISOG.scaffolds.min200.fasta,B2-2
0.0081558,CUEN23-1_SAMEA111331424_ISOG.scaffolds.min200.fasta,B1
0.00123693,CUEN23-1_SAMEA111331425_ISOG.scaffolds.min200.fasta,B2-1
0.0142009,CUEN23-1_SAMEA111331426_ISOG.scaffolds.min200.fasta,B2-2
0.00873204,CUEN23-1_SAMEA111331427_ISOG.scaffolds.min200.fasta,B1
0.00621379,CUEN23-1_SAMEA111331428_ISOG.scaffolds.min200.fasta,D1
0.0167251,CUEN23-1_SAMEA111331429_ISOG.scaffolds.min200.fasta,E2
0.0106116,CUEN23-1_SAMEA111331430_ISOG.scaffolds.min200.fasta,B2-2
0.0104835,CUEN23-1_SAMEA111331431_ISOG.scaffolds.min200.fasta,B2-2
0.00381583,CUEN23-1_SAMEA111331432_ISOG.scaffolds.min200.fasta,D1
0.0173006,CUEN23-1_SAMEA111331433_ISOG.scaffolds.min200.fasta,F
0.0117564,CUEN23-1_SAMEA111331434_ISOG.scaffolds.min200.fasta,A
0.00411762,CUEN23-1_SAMEA111331435_ISOG.scaffolds.min200.fasta,D1
0.00723198,CUEN23-1_SAMEA111331436_ISOG.scaffolds.min200.fasta,A
0.00541137,CUEN23-1_SAMEA111331437_ISOG.scaffolds.min200.fasta,B2-1
0.0113086,CUEN23-1_SAMEA111331438_ISOG.scaffolds.min200.fasta,B2-2
0.00240836,CUEN23-1_SAMEA111331439_ISOG.scaffolds.min200.fasta,B2-2
0.00366686,CUEN23-1_SAMEA111331440_ISOG.scaffolds.min200.fasta,D1
0.0121679,CUEN23-1_SAMEA111331441_ISOG.scaffolds.min200.fasta,B2-2
0.0117112,CUEN23-1_SAMEA111331442_ISOG.scaffolds.min200.fasta,B2-1
0.0132573,CUEN23-1_SAMEA111331443_ISOG.scaffolds.min200.fasta,B2-2
0.00993767,CUEN23-1_SAMEA111331444_ISOG.scaffolds.min200.fasta,B2-2
0.0129677,CUEN23-1_SAMEA111331445_ISOG.scaffolds.min200.fasta,B2-2
0.00238081,CUEN23-1_SAMEA111331446_ISOG.scaffolds.min200.fasta,B2-2
0.00464278,CUEN23-1_SAMEA111331447_ISOG.scaffolds.min200.fasta,B2-1
0.00932572,CUEN23-1_SAMEA111331448_ISOG.scaffolds.min200.fasta,B2-2
0.00308338,CUEN23-1_SAMEA111331449_ISOG.scaffolds.min200.fasta,D1
0.0148187,CUEN23-1_SAMEA111331450_ISOG.scaffolds.min200.fasta,D3
0.0107836,CUEN23-1_SAMEA111331451_ISOG.scaffolds.min200.fasta,B2-2
0.0100207,CUEN23-1_SAMEA111331452_ISOG.scaffolds.min200.fasta,A
0.0132087,CUEN23-1_SAMEA111331453_ISOG.scaffolds.min200.fasta,B2-2
0.0156702,CUEN23-1_SAMEA111331454_ISOG.scaffolds.min200.fasta,D3
0.00238081,CUEN23-1_SAMEA111331455_ISOG.scaffolds.min200.fasta,B2-1
0.00227104,CUEN23-1_SAMEA111331456_ISOG.scaffolds.min200.fasta,D1
0.00251903,CUEN23-1_SAMEA111331457_ISOG.scaffolds.min200.fasta,D1
0.00249129,CUEN23-1_SAMEA111331458_ISOG.scaffolds.min200.fasta,D1
0.00216198,CUEN23-1_SAMEA111331459_ISOG.scaffolds.min200.fasta,B2-1
0.00351914,CUEN23-1_SAMEA111331460_ISOG.scaffolds.min200.fasta,B2-2
0.00149601,CUEN23-1_SAMEA111331461_ISOG.scaffolds.min200.fasta,B2-1
0.0129198,CUEN23-1_SAMEA111331462_ISOG.scaffolds.min200.fasta,B2-2
0.0123068,CUEN23-1_SAMEA111331463_ISOG.scaffolds.min200.fasta,B2-2
0.0132087,CUEN23-1_SAMEA111331464_ISOG.scaffolds.min200.fasta,B2-2
0.0101878,CUEN23-1_SAMEA111331465_ISOG.scaffolds.min200.fasta,B2-2
0.000830728,CUEN23-1_SAMEA111331466_ISOG.scaffolds.min200.fasta,B2-1
0.00343111,CUEN23-1_SAMEA111331467_ISOG.scaffolds.min200.fasta,D1
0.0164427,CUEN23-1_SAMEA111331468_ISOG.scaffolds.min200.fasta,D3
0.0115313,CUEN23-1_SAMEA111331469_ISOG.scaffolds.min200.fasta,B2-1
0.00363721,CUEN23-1_SAMEA111331470_ISOG.scaffolds.min200.fasta,B2-2
0.00238081,CUEN23-1_SAMEA111331471_ISOG.scaffolds.min200.fasta,B2-2
0.00701675,CUEN23-1_SAMEA111331472_ISOG.scaffolds.min200.fasta,F
0.0034604,CUEN23-1_SAMEA111331473_ISOG.scaffolds.min200.fasta,B2-2
0.0139988,CUEN23-1_SAMEA111331474_ISOG.scaffolds.min200.fasta,B2-2
0.00105797,CUEN23-1_SAMEA111331475_ISOG.scaffolds.min200.fasta,B2-1
0.00178577,CUEN23-1_SAMEA111331476_ISOG.scaffolds.min200.fasta,B2-2
0.00181236,CUEN23-1_SAMEA111331477_ISOG.scaffolds.min200.fasta,B2-2
0.0160531,CUEN23-1_SAMEA111331478_ISOG.scaffolds.min200.fasta,D3
0.00461146,CUEN23-1_SAMEA111331479_ISOG.scaffolds.min200.fasta,D1
0.00877107,CUEN23-1_SAMEA111331480_ISOG.scaffolds.min200.fasta,B2-2
0.00734051,CUEN23-1_SAMEA111331481_ISOG.scaffolds.min200.fasta,B1
0.00384578,CUEN23-1_SAMEA111331482_ISOG.scaffolds.min200.fasta,D1
0.00928558,CUEN23-1_SAMEA111331483_ISOG.scaffolds.min200.fasta,B1
0.00819369,CUEN23-1_SAMEA111331484_ISOG.scaffolds.min200.fasta,A
0.00363721,CUEN23-1_SAMEA111331485_ISOG.scaffolds.min200.fasta,D1
0.0097316,CUEN23-1_SAMEA111331486_ISOG.scaffolds.min200.fasta,B2-2
0.0104835,CUEN23-1_SAMEA111331487_ISOG.scaffolds.min200.fasta,B2-2
0.0130157,CUEN23-1_SAMEA111331488_ISOG.scaffolds.min200.fasta,B2-2
0.00354859,CUEN23-1_SAMEA111331489_ISOG.scaffolds.min200.fasta,B2-2
0.0122141,CUEN23-1_SAMEA111331490_ISOG.scaffolds.min200.fasta,B1
0.0111761,CUEN23-1_SAMEA111331491_ISOG.scaffolds.min200.fasta,B2-2
0.00940624,CUEN23-1_SAMEA111331492_ISOG.scaffolds.min200.fasta,B1
0.00873204,CUEN23-1_SAMEA111331493_ISOG.scaffolds.min200.fasta,B2-2
0.0169536,CUEN23-1_SAMEA111331494_ISOG.scaffolds.min200.fasta,F
0.00557568,CUEN23-1_SAMEA111331495_ISOG.scaffolds.min200.fasta,D1
0.00360762,CUEN23-1_SAMEA111331496_ISOG.scaffolds.min200.fasta,B2-1
0.0120757,CUEN23-1_SAMEA111331497_ISOG.scaffolds.min200.fasta,B2-2
0.00461146,CUEN23-1_SAMEA111331498_ISOG.scaffolds.min200.fasta,D1
0.00170624,CUEN23-1_SAMEA111331499_ISOG.scaffolds.min200.fasta,D1
0.00997914,CUEN23-1_SAMEA111331500_ISOG.scaffolds.min200.fasta,B2-2
0.00694555,CUEN23-1_SAMEA111331501_ISOG.scaffolds.min200.fasta,C
0.00617965,CUEN23-1_SAMEA111331502_ISOG.scaffolds.min200.fasta,A
0.0129677,CUEN23-1_SAMEA111331503_ISOG.scaffolds.min200.fasta,B2-2
0.00861543,CUEN23-1_SAMEA111331504_ISOG.scaffolds.min200.fasta,B1
0.00694555,CUEN23-1_SAMEA111331505_ISOG.scaffolds.min200.fasta,C
0.00956826,CUEN23-1_SAMEA111331506_ISOG.scaffolds.min200.fasta,B1
0.0109571,CUEN23-1_SAMEA111331507_ISOG.scaffolds.min200.fasta,B2-1
0.00162709,CUEN23-1_SAMEA111331508_ISOG.scaffolds.min200.fasta,B2-2
0.0125875,CUEN23-1_SAMEA111331509_ISOG.scaffolds.min200.fasta,B2-2
0.00229842,CUEN23-1_SAMEA111331510_ISOG.scaffolds.min200.fasta,B2-2
0.0100207,CUEN23-1_SAMEA111331511_ISOG.scaffolds.min200.fasta,B2-2
0.00948708,CUEN23-1_SAMEA111331512_ISOG.scaffolds.min200.fasta,B1
0.00515153,CUEN23-1_SAMEA111331513_ISOG.scaffolds.min200.fasta,D1
0.0108269,CUEN23-1_SAMEA111331514_ISOG.scaffolds.min200.fasta,B2-2
0.0023533,CUEN23-1_SAMEA111331515_ISOG.scaffolds.min200.fasta,D1
0.0115313,CUEN23-1_SAMEA111331516_ISOG.scaffolds.min200.fasta,B2-1
0.0113529,CUEN23-1_SAMEA111331517_ISOG.scaffolds.min200.fasta,B2-2
0.00378594,CUEN23-1_SAMEA111331518_ISOG.scaffolds.min200.fasta,B1
0.00439372,CUEN23-1_SAMEA111331519_ISOG.scaffolds.min200.fasta,B1
0.00888862,CUEN23-1_SAMEA111331520_ISOG.scaffolds.min200.fasta,B2-2
0.00580821,CUEN23-1_SAMEA111331521_ISOG.scaffolds.min200.fasta,B2-1
0.00405685,CUEN23-1_SAMEA111331522_ISOG.scaffolds.min200.fasta,D1
0.00141786,CUEN23-1_SAMEA111331523_ISOG.scaffolds.min200.fasta,B2-2
0.0028554,CUEN23-1_SAMEA111331524_ISOG.scaffolds.min200.fasta,B2-2
0.00842259,CUEN23-1_SAMEA111331525_ISOG.scaffolds.min200.fasta,B1
0.0146626,CUEN23-1_SAMEA111331526_ISOG.scaffolds.min200.fasta,B2-1
0.0119383,CUEN23-1_SAMEA111331527_ISOG.scaffolds.min200.fasta,B2-2
0.00399629,CUEN23-1_SAMEA111331528_ISOG.scaffolds.min200.fasta,B2-2
0.0142009,CUEN23-1_SAMEA111331529_ISOG.scaffolds.min200.fasta,B2-2
0.00381583,CUEN23-1_SAMEA111331530_ISOG.scaffolds.min200.fasta,B2-2
0.0111321,CUEN23-1_SAMEA111331531_ISOG.scaffolds.min200.fasta,B2-2
0.00149601,CUEN23-1_SAMEA111331532_ISOG.scaffolds.min200.fasta,B2-1
0.00331442,CUEN23-1_SAMEA111331533_ISOG.scaffolds.min200.fasta,B1
0.0104835,CUEN23-1_SAMEA111331534_ISOG.scaffolds.min200.fasta,B2-2
0.00381583,CUEN23-1_SAMEA111331535_ISOG.scaffolds.min200.fasta,D1
0.00521614,CUEN23-1_SAMEA111331536_ISOG.scaffolds.min200.fasta,A
0.00964976,CUEN23-1_SAMEA111331537_ISOG.scaffolds.min200.fasta,B2-2
0.0161084,CUEN23-1_SAMEA111331538_ISOG.scaffolds.min200.fasta,F
0.00960897,CUEN23-1_SAMEA111331539_ISOG.scaffolds.min200.fasta,B2-2
0.00611156,CUEN23-1_SAMEA111331540_ISOG.scaffolds.min200.fasta,A
0.0102718,CUEN23-1_SAMEA111331541_ISOG.scaffolds.min200.fasta,B2-2
0.00823165,CUEN23-1_SAMEA111331542_ISOG.scaffolds.min200.fasta,B1
0.0105688,CUEN23-1_SAMEA111331543_ISOG.scaffolds.min200.fasta,B2-2
0.0111321,CUEN23-1_SAMEA111331544_ISOG.scaffolds.min200.fasta,B2-2
0.0110882,CUEN23-1_SAMEA111331545_ISOG.scaffolds.min200.fasta,B2-2
0.00952763,CUEN23-1_SAMEA111331546_ISOG.scaffolds.min200.fasta,B2-2
0.00331442,CUEN23-1_SAMEA111331547_ISOG.scaffolds.min200.fasta,D1
0.0105261,CUEN23-1_SAMEA111331548_ISOG.scaffolds.min200.fasta,B2-2
0.00877107,CUEN23-1_SAMEA111331549_ISOG.scaffolds.min200.fasta,B1
0.0101878,CUEN23-1_SAMEA111331550_ISOG.scaffolds.min200.fasta,B2-2
0.000557238,CUEN23-1_SAMEA111331551_ISOG.scaffolds.min200.fasta,B2-1
0.0103562,CUEN23-1_SAMEA111331552_ISOG.scaffolds.min200.fasta,B2-2
0.00461146,CUEN23-1_SAMEA111331553_ISOG.scaffolds.min200.fasta,D1
0.000956583,CUEN23-1_SAMEA111331554_ISOG.scaffolds.min200.fasta,B2-1
0.0055427,CUEN23-1_SAMEA111331555_ISOG.scaffolds.min200.fasta,D3
0.00470559,CUEN23-1_SAMEA111331556_ISOG.scaffolds.min200.fasta,C
0.00363721,CUEN23-1_SAMEA111331557_ISOG.scaffolds.min200.fasta,B1
0.0111761,CUEN23-1_SAMEA111331558_ISOG.scaffolds.min200.fasta,B2-2
0.00570819,CUEN23-1_SAMEA111331559_ISOG.scaffolds.min200.fasta,D1
0.00162709,CUEN23-1_SAMEA111331560_ISOG.scaffolds.min200.fasta,B2-1
0.00186568,CUEN23-1_SAMEA111331561_ISOG.scaffolds.min200.fasta,B2-2
0.00977265,CUEN23-1_SAMEA111331562_ISOG.scaffolds.min200.fasta,B1
0.0112643,CUEN23-1_SAMEA111331563_ISOG.scaffolds.min200.fasta,B2-1
0.010441,CUEN23-1_SAMEA111331564_ISOG.scaffolds.min200.fasta,B2-2
0.0148187,CUEN23-1_SAMEA111331565_ISOG.scaffolds.min200.fasta,B2-2
0.00170624,CUEN23-1_SAMEA111331566_ISOG.scaffolds.min200.fasta,B2-1
0.0147665,CUEN23-1_SAMEA111331567_ISOG.scaffolds.min200.fasta,B2-2
0.00628226,CUEN23-1_SAMEA111331568_ISOG.scaffolds.min200.fasta,B2-1
0.0104835,CUEN23-1_SAMEA111331569_ISOG.scaffolds.min200.fasta,B2-2
0.00123693,CUEN23-1_SAMEA111331570_ISOG.scaffolds.min200.fasta,B2-1
0.00964976,CUEN23-1_SAMEA111331571_ISOG.scaffolds.min200.fasta,A
0.00218918,CUEN23-1_SAMEA111331572_ISOG.scaffolds.min200.fasta,B2-1
0.0109136,CUEN23-1_SAMEA111331573_ISOG.scaffolds.min200.fasta,B2-1
0.00167981,CUEN23-1_SAMEA111331574_ISOG.scaffolds.min200.fasta,D1
0.00977265,CUEN23-1_SAMEA111331575_ISOG.scaffolds.min200.fasta,B2-2
0.0109136,CUEN23-1_SAMEA111331576_ISOG.scaffolds.min200.fasta,B2-2
0.00537869,CUEN23-1_SAMEA111331577_ISOG.scaffolds.min200.fasta,B1
0.00826969,CUEN23-1_SAMEA111331578_ISOG.scaffolds.min200.fasta,C
0.0163307,CUEN23-1_SAMEA111331579_ISOG.scaffolds.min200.fasta,D3
0.0102298,CUEN23-1_SAMEA111331580_ISOG.scaffolds.min200.fasta,B2-2
0.0103986,CUEN23-1_SAMEA111331581_ISOG.scaffolds.min200.fasta,B2-2
0.0122141,CUEN23-1_SAMEA111331582_ISOG.scaffolds.min200.fasta,B2-1
0.00580821,CUEN23-1_SAMEA111331583_ISOG.scaffolds.min200.fasta,B2-1
0.00877107,CUEN23-1_SAMEA111331584_ISOG.scaffolds.min200.fasta,B2-2
0.00162709,CUEN23-1_SAMEA111331585_ISOG.scaffolds.min200.fasta,B2-2
0.0102718,CUEN23-1_SAMEA111331586_ISOG.scaffolds.min200.fasta,B2-2
0.0111761,CUEN23-1_SAMEA111331587_ISOG.scaffolds.min200.fasta,B2-1
0.0113974,CUEN23-1_SAMEA111331588_ISOG.scaffolds.min200.fasta,B2-2
0.00631659,CUEN23-1_SAMEA111331589_ISOG.scaffolds.min200.fasta,A
0.00396608,CUEN23-1_SAMEA111331590_ISOG.scaffolds.min200.fasta,B1
0.00611156,CUEN23-1_SAMEA111331591_ISOG.scaffolds.min200.fasta,B2-1
0.00597612,CUEN23-1_SAMEA111331592_ISOG.scaffolds.min200.fasta,A
0.0145592,CUEN23-1_SAMEA111331593_ISOG.scaffolds.min200.fasta,B2-2
0.00360762,CUEN23-1_SAMEA111331594_ISOG.scaffolds.min200.fasta,B2-2
0.00508714,CUEN23-1_SAMEA111331595_ISOG.scaffolds.min200.fasta,B2-1
0.0133547,CUEN23-1_SAMEA111331596_ISOG.scaffolds.min200.fasta,B2-2
0.0137488,CUEN23-1_SAMEA111331597_ISOG.scaffolds.min200.fasta,B2-2
0.0037263,CUEN23-1_SAMEA111331598_ISOG.scaffolds.min200.fasta,D1
0.00547692,CUEN23-1_SAMEA111331599_ISOG.scaffolds.min200.fasta,B2-1
0.00932572,CUEN23-1_SAMEA111331600_ISOG.scaffolds.min200.fasta,B1
0.00730426,CUEN23-1_SAMEA111331601_ISOG.scaffolds.min200.fasta,A
0.00884936,CUEN23-1_SAMEA111331602_ISOG.scaffolds.min200.fasta,B2-2
0.00461146,CUEN23-1_SAMEA111331603_ISOG.scaffolds.min200.fasta,D1
0.0140996,CUEN23-1_SAMEA111331604_ISOG.scaffolds.min200.fasta,B2-2
0.004991,CUEN23-1_SAMEA111331605_ISOG.scaffolds.min200.fasta,D1
0.00191916,CUEN23-1_SAMEA111331606_ISOG.scaffolds.min200.fasta,B2-1
0.00993767,CUEN23-1_SAMEA111331607_ISOG.scaffolds.min200.fasta,B1
0.0109571,CUEN23-1_SAMEA111331608_ISOG.scaffolds.min200.fasta,B2-2
0.00343111,CUEN23-1_SAMEA111331609_ISOG.scaffolds.min200.fasta,D1
0.00322742,CUEN23-1_SAMEA111331610_ISOG.scaffolds.min200.fasta,D1
0.0109571,CUEN23-1_SAMEA111331611_ISOG.scaffolds.min200.fasta,B2-2
0.00328537,CUEN23-1_SAMEA111331612_ISOG.scaffolds.min200.fasta,D1
0.0109136,CUEN23-1_SAMEA111331613_ISOG.scaffolds.min200.fasta,B2-2
0.00322742,CUEN23-1_SAMEA111331614_ISOG.scaffolds.min200.fasta,D1
0.00325637,CUEN23-1_SAMEA111331615_ISOG.scaffolds.min200.fasta,D1
0.00319852,CUEN23-1_SAMEA111331616_ISOG.scaffolds.min200.fasta,D1
0.0109571,CUEN23-1_SAMEA111331617_ISOG.scaffolds.min200.fasta,B2-2
0.00511931,CUEN23-1_SAMEA111331618_ISOG.scaffolds.min200.fasta,B2-1
0.00857671,CUEN23-1_SAMEA111331619_ISOG.scaffolds.min200.fasta,B1
0.0105688,CUEN23-1_SAMEA111331620_ISOG.scaffolds.min200.fasta,B1
0.0018924,CUEN23-1_SAMEA111331621_ISOG.scaffolds.min200.fasta,B2-1
0.00417861,CUEN23-1_SAMEA111331622_ISOG.scaffolds.min200.fasta,B1
0.00635099,CUEN23-1_SAMEA111331623_ISOG.scaffolds.min200.fasta,B2-1
0.0110882,CUEN23-1_SAMEA111331624_ISOG.scaffolds.min200.fasta,A
0.0113974,CUEN23-1_SAMEA111331625_ISOG.scaffolds.min200.fasta,B2-2
0.00997914,CUEN23-1_SAMEA111331626_ISOG.scaffolds.min200.fasta,B1
0.00251903,CUEN23-1_SAMEA111331627_ISOG.scaffolds.min200.fasta,D1
0.00375609,CUEN23-1_SAMEA111331628_ISOG.scaffolds.min200.fasta,B2-2
0.000981871,CUEN23-1_SAMEA111331629_ISOG.scaffolds.min200.fasta,B2-1
0.00136596,CUEN23-1_SAMEA111331630_ISOG.scaffolds.min200.fasta,B2-1
0.00238081,CUEN23-1_SAMEA111331631_ISOG.scaffolds.min200.fasta,B2-1
0.00480022,CUEN23-1_SAMEA111331632_ISOG.scaffolds.min200.fasta,B1
0.0103562,CUEN23-1_SAMEA111331633_ISOG.scaffolds.min200.fasta,B2-2
0.0108702,CUEN23-1_SAMEA111331634_ISOG.scaffolds.min200.fasta,B2-2
0.00635099,CUEN23-1_SAMEA111331635_ISOG.scaffolds.min200.fasta,F
0.00363721,CUEN23-1_SAMEA111331636_ISOG.scaffolds.min200.fasta,B2-2
0.00483188,CUEN23-1_SAMEA111331637_ISOG.scaffolds.min200.fasta,B1
0.0111761,CUEN23-1_SAMEA111331638_ISOG.scaffolds.min200.fasta,B2-2
0.00331442,CUEN23-1_SAMEA111331639_ISOG.scaffolds.min200.fasta,B2-2
0.000880953,CUEN23-1_SAMEA111331640_ISOG.scaffolds.min200.fasta,B2-1
0.00956826,CUEN23-1_SAMEA111331641_ISOG.scaffolds.min200.fasta,B2-2
0.0106545,CUEN23-1_SAMEA111331642_ISOG.scaffolds.min200.fasta,B2-2
0.0167251,CUEN23-1_SAMEA111331643_ISOG.scaffolds.min200.fasta,D1
0.00282712,CUEN23-1_SAMEA111331644_ISOG.scaffolds.min200.fasta,B2-1
0.0113529,CUEN23-1_SAMEA111331645_ISOG.scaffolds.min200.fasta,A
0.00744966,CUEN23-1_SAMEA111331646_ISOG.scaffolds.min200.fasta,A
0.00495906,CUEN23-1_SAMEA111331647_ISOG.scaffolds.min200.fasta,B2-1
0.0175349,CUEN23-1_SAMEA111331648_ISOG.scaffolds.min200.fasta,E2
0.0109571,CUEN23-1_SAMEA111331649_ISOG.scaffolds.min200.fasta,B2-2
0.0174175,CUEN23-1_SAMEA111331650_ISOG.scaffolds.min200.fasta,E2
0.00271444,CUEN23-1_SAMEA111331651_ISOG.scaffolds.min200.fasta,B2-2
0.0104835,CUEN23-1_SAMEA111331652_ISOG.scaffolds.min200.fasta,B2-2
0.00912584,CUEN23-1_SAMEA111331653_ISOG.scaffolds.min200.fasta,B2-2
0.00464278,CUEN23-1_SAMEA111331654_ISOG.scaffolds.min200.fasta,B1
0.00888862,CUEN23-1_SAMEA111331655_ISOG.scaffolds.min200.fasta,B2-2
0.0121217,CUEN23-1_SAMEA111331656_ISOG.scaffolds.min200.fasta,B2-2
0.0114865,CUEN23-1_SAMEA111331657_ISOG.scaffolds.min200.fasta,A
0.0111761,CUEN23-1_SAMEA111331658_ISOG.scaffolds.min200.fasta,B2-2
0.00238081,CUEN23-1_SAMEA111331659_ISOG.scaffolds.min200.fasta,D1
0.0100207,CUEN23-1_SAMEA111331660_ISOG.scaffolds.min200.fasta,B2-2
0.00381583,CUEN23-1_SAMEA111331661_ISOG.scaffolds.min200.fasta,B1
0.0126819,CUEN23-1_SAMEA111331662_ISOG.scaffolds.min200.fasta,B2-2
0.00420918,CUEN23-1_SAMEA111331663_ISOG.scaffolds.min200.fasta,D1
0.0141502,CUEN23-1_SAMEA111331664_ISOG.scaffolds.min200.fasta,B2-2
0.0103986,CUEN23-1_SAMEA111331665_ISOG.scaffolds.min200.fasta,B2-2
0.00476862,CUEN23-1_SAMEA111331666_ISOG.scaffolds.min200.fasta,D1
0.0143027,CUEN23-1_SAMEA111331667_ISOG.scaffolds.min200.fasta,B2-2
0.00141786,CUEN23-1_SAMEA111331668_ISOG.scaffolds.min200.fasta,B2-1
0.00900687,CUEN23-1_SAMEA111331669_ISOG.scaffolds.min200.fasta,B2-2
0.0114865,CUEN23-1_SAMEA111331670_ISOG.scaffolds.min200.fasta,B2-2
0.00550978,CUEN23-1_SAMEA111331671_ISOG.scaffolds.min200.fasta,B2-1
0.00985499,CUEN23-1_SAMEA111331672_ISOG.scaffolds.min200.fasta,B2-2
0.0110007,CUEN23-1_SAMEA111331673_ISOG.scaffolds.min200.fasta,B2-2
0.0118017,CUEN23-1_SAMEA111331674_ISOG.scaffolds.min200.fasta,B2-2
0.0138485,CUEN23-1_SAMEA111331675_ISOG.scaffolds.min200.fasta,D1
0.00524853,CUEN23-1_SAMEA111331676_ISOG.scaffolds.min200.fasta,B2-1
0.0055427,CUEN23-1_SAMEA111331677_ISOG.scaffolds.min200.fasta,B1
0.00277069,CUEN23-1_SAMEA111331678_ISOG.scaffolds.min200.fasta,B2-2
0.0113086,CUEN23-1_SAMEA111331679_ISOG.scaffolds.min200.fasta,B2-2
0.0124467,CUEN23-1_SAMEA111331680_ISOG.scaffolds.min200.fasta,B2-2
0.00243596,CUEN23-1_SAMEA111331681_ISOG.scaffolds.min200.fasta,B2-2
0.0175939,CUEN23-1_SAMEA111331682_ISOG.scaffolds.min200.fasta,E2
0.0103986,CUEN23-1_SAMEA111331683_ISOG.scaffolds.min200.fasta,B2-2
0.00216198,CUEN23-1_SAMEA111331684_ISOG.scaffolds.min200.fasta,B2-2
0.00808024,CUEN23-1_SAMEA111331685_ISOG.scaffolds.min200.fasta,B1
0.0106116,CUEN23-1_SAMEA111331686_ISOG.scaffolds.min200.fasta,B2-1
0.0105261,CUEN23-1_SAMEA111331687_ISOG.scaffolds.min200.fasta,B2-1
0.0103986,CUEN23-1_SAMEA111331688_ISOG.scaffolds.min200.fasta,B2-1
0.0104835,CUEN23-1_SAMEA111331689_ISOG.scaffolds.min200.fasta,B2-1
0.0101459,CUEN23-1_SAMEA111331690_ISOG.scaffolds.min200.fasta,B2-2
0.00296902,CUEN23-1_SAMEA111331691_ISOG.scaffolds.min200.fasta,B2-1
0.00240836,CUEN23-1_SAMEA111331692_ISOG.scaffolds.min200.fasta,B2-1
0.0113529,CUEN23-1_SAMEA111331693_ISOG.scaffolds.min200.fasta,B2-1
0.00823165,CUEN23-1_SAMEA111331695_ISOG.scaffolds.min200.fasta,B1
0.00229842,CUEN23-1_SAMEA111331696_ISOG.scaffolds.min200.fasta,D1
0.0132087,CUEN23-1_SAMEA111331697_ISOG.scaffolds.min200.fasta,B2-2
0.00997914,CUEN23-1_SAMEA111331698_ISOG.scaffolds.min200.fasta,B2-2
0.00316966,CUEN23-1_SAMEA111331699_ISOG.scaffolds.min200.fasta,D3
0.00390583,CUEN23-1_SAMEA111331700_ISOG.scaffolds.min200.fasta,B2-2
0.0140492,CUEN23-1_SAMEA111331701_ISOG.scaffolds.min200.fasta,B2-2
0.00778092,CUEN23-1_SAMEA111331702_ISOG.scaffolds.min200.fasta,A
0.00964976,CUEN23-1_SAMEA111331703_ISOG.scaffolds.min200.fasta,B1
0.00985499,CUEN23-1_SAMEA111331704_ISOG.scaffolds.min200.fasta,B2-2
0.00305472,CUEN23-1_SAMEA111331705_ISOG.scaffolds.min200.fasta,D1
0.0142009,CUEN23-1_SAMEA111331706_ISOG.scaffolds.min200.fasta,B2-2
0.00476862,CUEN23-1_SAMEA111331707_ISOG.scaffolds.min200.fasta,D1
0.0137488,CUEN23-1_SAMEA111331708_ISOG.scaffolds.min200.fasta,A
0.0141502,CUEN23-1_SAMEA111331709_ISOG.scaffolds.min200.fasta,B2-2
0.00249129,CUEN23-1_SAMEA111331710_ISOG.scaffolds.min200.fasta,B2-2
0.0132573,CUEN23-1_SAMEA111331711_ISOG.scaffolds.min200.fasta,B2-2
0.0139988,CUEN23-1_SAMEA111331712_ISOG.scaffolds.min200.fasta,B2-2
0.0106116,CUEN23-1_SAMEA111331713_ISOG.scaffolds.min200.fasta,B2-2
0.00448671,CUEN23-1_SAMEA111331714_ISOG.scaffolds.min200.fasta,A
0.00819369,CUEN23-1_SAMEA111331715_ISOG.scaffolds.min200.fasta,A
0.0140996,CUEN23-1_SAMEA111331716_ISOG.scaffolds.min200.fasta,B2-2
0.0128243,CUEN23-1_SAMEA111331717_ISOG.scaffolds.min200.fasta,B2-2
0.00360762,CUEN23-1_SAMEA111331718_ISOG.scaffolds.min200.fasta,D1
0.0105688,CUEN23-1_SAMEA111331719_ISOG.scaffolds.min200.fasta,B2-1
0.00948708,CUEN23-1_SAMEA111331720_ISOG.scaffolds.min200.fasta,B2-2
0.00263042,CUEN23-1_SAMEA111331721_ISOG.scaffolds.min200.fasta,B2-2
0.000931334,CUEN23-1_SAMEA111331722_ISOG.scaffolds.min200.fasta,B2-1
0.0010072,CUEN23-1_SAMEA111331723_ISOG.scaffolds.min200.fasta,B2-1
0.0107836,CUEN23-1_SAMEA111331724_ISOG.scaffolds.min200.fasta,B2-1
0.00387578,CUEN23-1_SAMEA111331725_ISOG.scaffolds.min200.fasta,D1
0.00302611,CUEN23-1_SAMEA111331726_ISOG.scaffolds.min200.fasta,B2-2
0.00502299,CUEN23-1_SAMEA111331727_ISOG.scaffolds.min200.fasta,D1
0.00614558,CUEN23-1_SAMEA111331728_ISOG.scaffolds.min200.fasta,B2-1
0.00662843,CUEN23-1_SAMEA111331729_ISOG.scaffolds.min200.fasta,C
0.00191916,CUEN23-1_SAMEA111331730_ISOG.scaffolds.min200.fasta,B2-1
0.00334352,CUEN23-1_SAMEA111331731_ISOG.scaffolds.min200.fasta,B2-2
0.00191916,CUEN23-1_SAMEA111331732_ISOG.scaffolds.min200.fasta,B2-1
0.00197282,CUEN23-1_SAMEA111331733_ISOG.scaffolds.min200.fasta,B2-1
0.00351914,CUEN23-1_SAMEA111331734_ISOG.scaffolds.min200.fasta,D1
0.0113086,CUEN23-1_SAMEA111331735_ISOG.scaffolds.min200.fasta,B2-2
0.00614558,CUEN23-1_SAMEA111331736_ISOG.scaffolds.min200.fasta,B2-1
0.0107405,CUEN23-1_SAMEA111331737_ISOG.scaffolds.min200.fasta,B2-1
0.00896738,CUEN23-1_SAMEA111331738_ISOG.scaffolds.min200.fasta,B2-2
0.00144387,CUEN23-1_SAMEA111331739_ISOG.scaffolds.min200.fasta,B2-2
0.0101878,CUEN23-1_SAMEA111331740_ISOG.scaffolds.min200.fasta,B2-2
0.0109571,CUEN23-1_SAMEA111331741_ISOG.scaffolds.min200.fasta,B2-2
0.00924552,CUEN23-1_SAMEA111331742_ISOG.scaffolds.min200.fasta,B2-2
0.00985499,CUEN23-1_SAMEA111331743_ISOG.scaffolds.min200.fasta,B2-2
0.0149759,CUEN23-1_SAMEA111331744_ISOG.scaffolds.min200.fasta,B2-2
0.00305472,CUEN23-1_SAMEA111331745_ISOG.scaffolds.min200.fasta,B2-2
0.00240836,CUEN23-1_SAMEA111331746_ISOG.scaffolds.min200.fasta,B2-1
0.00265838,CUEN23-1_SAMEA111331747_ISOG.scaffolds.min200.fasta,B2-2
0.00741321,CUEN23-1_SAMEA111331748_ISOG.scaffolds.min200.fasta,A
0.00414809,CUEN23-1_SAMEA111331749_ISOG.scaffolds.min200.fasta,B2-1
0.0116661,CUEN23-1_SAMEA111331750_ISOG.scaffolds.min200.fasta,B2-2
0.00227104,CUEN23-1_SAMEA111331751_ISOG.scaffolds.min200.fasta,D1
0.00705245,CUEN23-1_SAMEA111331752_ISOG.scaffolds.min200.fasta,A
0.00221642,CUEN23-1_SAMEA111331753_ISOG.scaffolds.min200.fasta,B2-1
0.0149759,CUEN23-1_SAMEA111331754_ISOG.scaffolds.min200.fasta,D3
0.00550978,CUEN23-1_SAMEA111331755_ISOG.scaffolds.min200.fasta,B2-1
0.0101041,CUEN23-1_SAMEA111331756_ISOG.scaffolds.min200.fasta,B2-2
0.0112201,CUEN23-1_SAMEA111331757_ISOG.scaffolds.min200.fasta,B2-1
0.00857671,CUEN23-1_SAMEA111331758_ISOG.scaffolds.min200.fasta,B1
0.0120298,CUEN23-1_SAMEA111331759_ISOG.scaffolds.min200.fasta,B2-2
0.0151872,CUEN23-1_SAMEA111331760_ISOG.scaffolds.min200.fasta,D3
0.0107836,CUEN23-1_SAMEA111331761_ISOG.scaffolds.min200.fasta,D2
0.0101041,CUEN23-1_SAMEA111331762_ISOG.scaffolds.min200.fasta,B2-2
0.00238081,CUEN23-1_SAMEA111331763_ISOG.scaffolds.min200.fasta,B2-2
0.00139189,CUEN23-1_SAMEA111331764_ISOG.scaffolds.min200.fasta,B2-1
0.0145076,CUEN23-1_SAMEA111331765_ISOG.scaffolds.min200.fasta,B2-2
0.00881017,CUEN23-1_SAMEA111331766_ISOG.scaffolds.min200.fasta,B1
0.00590877,CUEN23-1_SAMEA111331767_ISOG.scaffolds.min200.fasta,C
0.00131423,CUEN23-1_SAMEA111331768_ISOG.scaffolds.min200.fasta,B2-1
0.0101459,CUEN23-1_SAMEA111331769_ISOG.scaffolds.min200.fasta,B2-1
0.00411762,CUEN23-1_SAMEA111331770_ISOG.scaffolds.min200.fasta,B2-1
0.0120298,CUEN23-1_SAMEA111331771_ISOG.scaffolds.min200.fasta,A
0.00136596,CUEN23-1_SAMEA111331772_ISOG.scaffolds.min200.fasta,B2-1
0.0137986,CUEN23-1_SAMEA111331773_ISOG.scaffolds.min200.fasta,B2-2
0.0118471,CUEN23-1_SAMEA111331774_ISOG.scaffolds.min200.fasta,B2-2
0.00819369,CUEN23-1_SAMEA111331775_ISOG.scaffolds.min200.fasta,B2-2
0.0105261,CUEN23-1_SAMEA111331776_ISOG.scaffolds.min200.fasta,B2-2
0.0105688,CUEN23-1_SAMEA111331777_ISOG.scaffolds.min200.fasta,B2-2
0.0138485,CUEN23-1_SAMEA111331778_ISOG.scaffolds.min200.fasta,B2-2
0.004991,CUEN23-1_SAMEA111331779_ISOG.scaffolds.min200.fasta,A
0.0104835,CUEN23-1_SAMEA111331780_ISOG.scaffolds.min200.fasta,B2-2
0.0055427,CUEN23-1_SAMEA111331781_ISOG.scaffolds.min200.fasta,D1
0.0117564,CUEN23-1_SAMEA111331782_ISOG.scaffolds.min200.fasta,B2-2
0.00865422,CUEN23-1_SAMEA111331783_ISOG.scaffolds.min200.fasta,B1
0.00445566,CUEN23-1_SAMEA111331784_ISOG.scaffolds.min200.fasta,A
0.0105261,CUEN23-1_SAMEA111331785_ISOG.scaffolds.min200.fasta,B2-2
0.00249129,CUEN23-1_SAMEA111331786_ISOG.scaffolds.min200.fasta,B2-1
0.00981378,CUEN23-1_SAMEA111331787_ISOG.scaffolds.min200.fasta,B1
0.00229842,CUEN23-1_SAMEA111331788_ISOG.scaffolds.min200.fasta,B2-2
0.010314,CUEN23-1_SAMEA111331789_ISOG.scaffolds.min200.fasta,B2-2
0.010441,CUEN23-1_SAMEA111331790_ISOG.scaffolds.min200.fasta,B2-2
0.00857671,CUEN23-1_SAMEA111331791_ISOG.scaffolds.min200.fasta,B1
0.0103986,CUEN23-1_SAMEA111331792_ISOG.scaffolds.min200.fasta,B2-2
0.0121217,CUEN23-1_SAMEA111331793_ISOG.scaffolds.min200.fasta,A
0.00781808,CUEN23-1_SAMEA111331794_ISOG.scaffolds.min200.fasta,A
0.0167251,CUEN23-1_SAMEA111331795_ISOG.scaffolds.min200.fasta,D1
0.0115761,CUEN23-1_SAMEA111331796_ISOG.scaffolds.min200.fasta,B2-1
0.00141786,CUEN23-1_SAMEA111331797_ISOG.scaffolds.min200.fasta,D1
0.0102298,CUEN23-1_SAMEA111331798_ISOG.scaffolds.min200.fasta,B2-2
0.00191916,CUEN23-1_SAMEA111331799_ISOG.scaffolds.min200.fasta,D1
0.0024636,CUEN23-1_SAMEA111331800_ISOG.scaffolds.min200.fasta,B2-2
0.0167251,CUEN23-1_SAMEA111331801_ISOG.scaffolds.min200.fasta,D1
0.0170111,CUEN23-1_SAMEA111331802_ISOG.scaffolds.min200.fasta,D1
0.00405685,CUEN23-1_SAMEA111331803_ISOG.scaffolds.min200.fasta,D1
0.00985499,CUEN23-1_SAMEA111331804_ISOG.scaffolds.min200.fasta,A
0.015347,CUEN23-1_SAMEA111331805_ISOG.scaffolds.min200.fasta,D3
0.0133547,CUEN23-1_SAMEA111331806_ISOG.scaffolds.min200.fasta,B2-2
0.00508714,CUEN23-1_SAMEA111331807_ISOG.scaffolds.min200.fasta,B2-1
0.00128842,CUEN23-1_SAMEA111331808_ISOG.scaffolds.min200.fasta,B2-1
0.00314086,CUEN23-1_SAMEA111331809_ISOG.scaffolds.min200.fasta,B2-2
0.00560872,CUEN23-1_SAMEA111331810_ISOG.scaffolds.min200.fasta,B2-1
0.00940624,CUEN23-1_SAMEA111331811_ISOG.scaffolds.min200.fasta,B1
0.00997914,CUEN23-1_SAMEA111331812_ISOG.scaffolds.min200.fasta,B2-2
0.0100623,CUEN23-1_SAMEA111331813_ISOG.scaffolds.min200.fasta,B2-2
0.00328537,CUEN23-1_SAMEA111331814_ISOG.scaffolds.min200.fasta,B2-2
0.00427048,CUEN23-1_SAMEA111331815_ISOG.scaffolds.min200.fasta,B2-2
0.0103986,CUEN23-1_SAMEA111331816_ISOG.scaffolds.min200.fasta,B2-2
0.00408721,CUEN23-1_SAMEA111331817_ISOG.scaffolds.min200.fasta,B2-1
0.0100623,CUEN23-1_SAMEA111331818_ISOG.scaffolds.min200.fasta,B2-2
0.00205363,CUEN23-1_SAMEA111331819_ISOG.scaffolds.min200.fasta,B2-2
0.00666341,CUEN23-1_SAMEA111331820_ISOG.scaffolds.min200.fasta,A
0.0105261,CUEN23-1_SAMEA111331821_ISOG.scaffolds.min200.fasta,B2-2
0.00157453,CUEN23-1_SAMEA111331822_ISOG.scaffolds.min200.fasta,D2
0.00969064,CUEN23-1_SAMEA111331823_ISOG.scaffolds.min200.fasta,B2-2
0.0140492,CUEN23-1_SAMEA111331824_ISOG.scaffolds.min200.fasta,B2-2
0.00544411,CUEN23-1_SAMEA111331825_ISOG.scaffolds.min200.fasta,D1
0.0114865,CUEN23-1_SAMEA111331826_ISOG.scaffolds.min200.fasta,B2-2
0.00399629,CUEN23-1_SAMEA111331827_ISOG.scaffolds.min200.fasta,D1
0.00755945,CUEN23-1_SAMEA111331828_ISOG.scaffolds.min200.fasta,B1
0.00405685,CUEN23-1_SAMEA111331829_ISOG.scaffolds.min200.fasta,D1
0.0147665,CUEN23-1_SAMEA111331830_ISOG.scaffolds.min200.fasta,D3
0.00495906,CUEN23-1_SAMEA111331831_ISOG.scaffolds.min200.fasta,A
0.0141502,CUEN23-1_SAMEA111331832_ISOG.scaffolds.min200.fasta,B2-2
0.000906124,CUEN23-1_SAMEA111331833_ISOG.scaffolds.min200.fasta,B2-1
0.0110444,CUEN23-1_SAMEA111331834_ISOG.scaffolds.min200.fasta,B2-2
0.00139189,CUEN23-1_SAMEA111331835_ISOG.scaffolds.min200.fasta,B2-1
0.00218918,CUEN23-1_SAMEA111331836_ISOG.scaffolds.min200.fasta,B2-2
0.00662843,CUEN23-1_SAMEA111331837_ISOG.scaffolds.min200.fasta,A
0.0109571,CUEN23-1_SAMEA111331838_ISOG.scaffolds.min200.fasta,B2-2
0.00600989,CUEN23-1_SAMEA111331839_ISOG.scaffolds.min200.fasta,C
0.00489536,CUEN23-1_SAMEA111331840_ISOG.scaffolds.min200.fasta,A
0.0138485,CUEN23-1_SAMEA111331841_ISOG.scaffolds.min200.fasta,D3
0.00838426,CUEN23-1_SAMEA111331842_ISOG.scaffolds.min200.fasta,C
0.00128842,CUEN23-1_SAMEA111331843_ISOG.scaffolds.min200.fasta,B2-1
0.0018924,CUEN23-1_SAMEA111331844_ISOG.scaffolds.min200.fasta,B2-1
0.0140492,CUEN23-1_SAMEA111331845_ISOG.scaffolds.min200.fasta,D1
0.00178577,CUEN23-1_SAMEA111331846_ISOG.scaffolds.min200.fasta,B2-1
0.00314086,CUEN23-1_SAMEA111331847_ISOG.scaffolds.min200.fasta,D3
0.00823165,CUEN23-1_SAMEA111331848_ISOG.scaffolds.min200.fasta,C
0.00521614,CUEN23-1_SAMEA111331849_ISOG.scaffolds.min200.fasta,D1
0.00928558,CUEN23-1_SAMEA111331850_ISOG.scaffolds.min200.fasta,B1
0.00165343,CUEN23-1_SAMEA111331851_ISOG.scaffolds.min200.fasta,B2-2
0.0112643,CUEN23-1_SAMEA111331852_ISOG.scaffolds.min200.fasta,B2-2
0.0140492,CUEN23-1_SAMEA111331853_ISOG.scaffolds.min200.fasta,B2-2
0.00969064,CUEN23-1_SAMEA111331854_ISOG.scaffolds.min200.fasta,B2-2
0.0114865,CUEN23-1_SAMEA111331855_ISOG.scaffolds.min200.fasta,B2-2
0.000931334,CUEN23-1_SAMEA111331856_ISOG.scaffolds.min200.fasta,B2-1
0.0118471,CUEN23-1_SAMEA111331857_ISOG.scaffolds.min200.fasta,B2-1
0.00393593,CUEN23-1_SAMEA111331858_ISOG.scaffolds.min200.fasta,D1
0.00464278,CUEN23-1_SAMEA111331859_ISOG.scaffolds.min200.fasta,D1
0.00126265,CUEN23-1_SAMEA111331860_ISOG.scaffolds.min200.fasta,B2-1
0.015508,CUEN23-1_SAMEA111331861_ISOG.scaffolds.min200.fasta,D3
0.0110882,CUEN23-1_SAMEA111331862_ISOG.scaffolds.min200.fasta,B1
0.00511931,CUEN23-1_SAMEA111331863_ISOG.scaffolds.min200.fasta,B2-1
0.0107836,CUEN23-1_SAMEA111331864_ISOG.scaffolds.min200.fasta,B2-2
0.00396608,CUEN23-1_SAMEA111331865_ISOG.scaffolds.min200.fasta,D1
0.00547692,CUEN23-1_SAMEA111331866_ISOG.scaffolds.min200.fasta,B2-1
0.0170111,CUEN23-1_SAMEA111331867_ISOG.scaffolds.min200.fasta,E2
0.00396608,CUEN23-1_SAMEA111331868_ISOG.scaffolds.min200.fasta,D1
0.00508714,CUEN23-1_SAMEA111331869_ISOG.scaffolds.min200.fasta,B1
0.00464278,CUEN23-1_SAMEA111331870_ISOG.scaffolds.min200.fasta,D1
0.0179508,CUEN23-1_SAMEA111331871_ISOG.scaffolds.min200.fasta,F
0.0105261,CUEN23-1_SAMEA111331872_ISOG.scaffolds.min200.fasta,B2-2
0.0109571,CUEN23-1_SAMEA111331873_ISOG.scaffolds.min200.fasta,B2-2
0.0139988,CUEN23-1_SAMEA111331874_ISOG.scaffolds.min200.fasta,B2-2
0.00445566,CUEN23-1_SAMEA111331875_ISOG.scaffolds.min200.fasta,A
0.0131603,CUEN23-1_SAMEA111331876_ISOG.scaffolds.min200.fasta,B2-2
0.00134007,CUEN23-1_SAMEA111331877_ISOG.scaffolds.min200.fasta,B2-1
0.000508006,CUEN23-1_SAMEA111331878_ISOG.scaffolds.min200.fasta,B2-1
0.00964976,CUEN23-1_SAMEA111331879_ISOG.scaffolds.min200.fasta,B2-2
0.0090861,CUEN23-1_SAMEA111331880_ISOG.scaffolds.min200.fasta,B2-2
0.00170624,CUEN23-1_SAMEA111331881_ISOG.scaffolds.min200.fasta,B2-1
0.00823165,CUEN23-1_SAMEA111331882_ISOG.scaffolds.min200.fasta,B1
0.00723198,CUEN23-1_SAMEA111331883_ISOG.scaffolds.min200.fasta,A
0.00580821,CUEN23-1_SAMEA111331884_ISOG.scaffolds.min200.fasta,D1
0.0031121,CUEN23-1_SAMEA111331885_ISOG.scaffolds.min200.fasta,D1
0.00173271,CUEN23-1_SAMEA111331886_ISOG.scaffolds.min200.fasta,B2-2
0.00288374,CUEN23-1_SAMEA111331887_ISOG.scaffolds.min200.fasta,B2-2
0.00146992,CUEN23-1_SAMEA111331888_ISOG.scaffolds.min200.fasta,B2-1
0.00314086,CUEN23-1_SAMEA111331889_ISOG.scaffolds.min200.fasta,D1
0.00985499,CUEN23-1_SAMEA111331890_ISOG.scaffolds.min200.fasta,B2-2
0.00238081,CUEN23-1_SAMEA111331891_ISOG.scaffolds.min200.fasta,B2-1
0.0146626,CUEN23-1_SAMEA111331892_ISOG.scaffolds.min200.fasta,D3
0.0107836,CUEN23-1_SAMEA111331893_ISOG.scaffolds.min200.fasta,B2-1
0.00202665,CUEN23-1_SAMEA111331894_ISOG.scaffolds.min200.fasta,B2-2
0.00328537,CUEN23-1_SAMEA111331895_ISOG.scaffolds.min200.fasta,B2-2
0.0108269,CUEN23-1_SAMEA111331896_ISOG.scaffolds.min200.fasta,B2-2
0.00944662,CUEN23-1_SAMEA111331897_ISOG.scaffolds.min200.fasta,B1
0.00888862,CUEN23-1_SAMEA111331898_ISOG.scaffolds.min200.fasta,B2-2
0.0129677,CUEN23-1_SAMEA111331899_ISOG.scaffolds.min200.fasta,B2-2
0.0113086,CUEN23-1_SAMEA111331900_ISOG.scaffolds.min200.fasta,B2-2
0.0110007,CUEN23-1_SAMEA111331901_ISOG.scaffolds.min200.fasta,B2-2
0.0034604,CUEN23-1_SAMEA111331902_ISOG.scaffolds.min200.fasta,B2-2
0.00502299,CUEN23-1_SAMEA111331903_ISOG.scaffolds.min200.fasta,D1
0.00414809,CUEN23-1_SAMEA111331904_ISOG.scaffolds.min200.fasta,B1
0.00467416,CUEN23-1_SAMEA111331905_ISOG.scaffolds.min200.fasta,B2-1
0.00505504,CUEN23-1_SAMEA111331906_ISOG.scaffolds.min200.fasta,B2-1
0.0125405,CUEN23-1_SAMEA111331907_ISOG.scaffolds.min200.fasta,A
0.00666341,CUEN23-1_SAMEA111331909_ISOG.scaffolds.min200.fasta,A
0.00873204,CUEN23-1_SAMEA111331910_ISOG.scaffolds.min200.fasta,B2-2
0.00985499,CUEN23-1_SAMEA111331911_ISOG.scaffolds.min200.fasta,B2-2
0.00989629,CUEN23-1_SAMEA111331912_ISOG.scaffolds.min200.fasta,B2-2
0.00221642,CUEN23-1_SAMEA111331913_ISOG.scaffolds.min200.fasta,B2-2
0.00451781,CUEN23-1_SAMEA111331914_ISOG.scaffolds.min200.fasta,D1
